,siren,codgeo,drop_year,drop_pct,drop_pct_str,primes_2016,primes_2017,primes_2018,primes_2019,primes_2020,primes_2021,primes_2022,primes_2023,libgeo,dep,geometry,annee,depenses_fonct,pop,primes_to_depense_ratio
0,217704071,77407,2023.0,0.9981890949048382,99.8%,24094.98,32200.23,29416.28,33276.75,57761.72,66102.02,67367.15,120.85,Saint-Fargeau-Ponthierry,77,"POLYGON ((2.5488064615081405 48.53743151713429, 2.5487288293978057 48.5351127112731, 2.558506899087649 48.53276650456093, 2.55696962636013 48.5299270406508, 2.5517068807896264 48.52919887462961, 2.5467431065991937 48.52776317621931, 2.5473629644007865 48.52377251251971, 2.543009286798887 48.51956960339936, 2.5376627121599404 48.517423592976385, 2.527928300343073 48.51513118068725, 2.5258769937537866 48.51544503656031, 2.517910409490721 48.51193515149811, 2.5133279793067893 48.51172326072359, 2.5133494852050893 48.50940478397726, 2.508482543225488 48.508354278476546, 2.5071644439788034 48.51369439991553, 2.502160577638982 48.516764955449375, 2.4975703875524355 48.51732527890755, 2.49924138740389 48.526220093604636, 2.502788950391759 48.532804158175765, 2.507814518291008 48.53797733595366, 2.510889784699783 48.54307786714219, 2.4994724609221994 48.542901552591104, 2.5031450332814247 48.54671672365829, 2.506028777472305 48.551430129288015, 2.512323710168048 48.55680150186778, 2.5157035249176305 48.560808240020016, 2.5197879549722617 48.562563649993194, 2.5208301013025856 48.56604554801359, 2.5190359851304525 48.570031206868215, 2.5246894571416147 48.57114875046443, 2.530451206392934 48.57110722665676, 2.5313075648679604 48.5736222538713, 2.5390265781620998 48.57313719890432, 2.5455898450189434 48.570779598564194, 2.547952802931035 48.56853455190196, 2.548080989610217 48.56499295558548, 2.5462431974125543 48.562989508529064, 2.5392488053879343 48.558969709217905, 2.5316853197472833 48.553208381350224, 2.530141396819773 48.55120581922925, 2.5296042787056834 48.545793881868846, 2.531975418077415 48.54258309918191, 2.5348256364119184 48.54034018183232, 2.5488064615081405 48.53743151713429))",2022,20177485.16,14246.0,0.0033387287595953307
1,214400368,44036,2023.0,0.991723640362046,99.2%,27519.49,28886.4,21447.23,26552.78,25530.04,26937.07,28394.02,228.97,Châteaubriant,44,"POLYGON ((-1.4000389675659783 47.693587685982656, -1.3996977039081835 47.695278535494666, -1.401695016484497 47.698494764524575, -1.4089247389170596 47.703320735569676, -1.4083758039720797 47.70831090062132, -1.4144772747316814 47.70879050934662, -1.4242982860121953 47.70887089589254, -1.4383140983742282 47.71079195408515, -1.4496450813239081 47.71281361702135, -1.4476439261872747 47.71650402031855, -1.4470178547001522 47.72052930383436, -1.4478271389263835 47.72675885084926, -1.4473597918061636 47.72922912747704, -1.4416609713321762 47.72899399855559, -1.435709610299196 47.72457314723258, -1.433817502295029 47.724967619936535, -1.4284037210227378 47.73046498289054, -1.427701088017922 47.733589434819876, -1.4288271094896694 47.736709164678025, -1.4255434956701147 47.73889870536359, -1.4213102920635396 47.74009144330899, -1.4135523583486518 47.740578116450315, -1.4066741256071735 47.74006306741852, -1.3956466216757664 47.744092145577035, -1.3824738442060285 47.747813302921834, -1.3798926858046254 47.74803906304603, -1.3712014014047638 47.74655722625901, -1.3654895431215313 47.74735138116841, -1.3576890195057445 47.74615798101195, -1.348727804782466 47.74371655136366, -1.3414537882139712 47.735984570144524, -1.337696170650397 47.73121942178434, -1.3325960419666096 47.73005330341079, -1.3341956550958554 47.72605742839128, -1.340587134309031 47.721819154258334, -1.34033308826681 47.7163431260662, -1.338153750927679 47.7120356555898, -1.335137664761907 47.70808186365119, -1.340935692223511 47.7036718537845, -1.3464829225319082 47.703272054926614, -1.3550535677792972 47.70572800886387, -1.3663164465828177 47.70111286501685, -1.3762258590654404 47.702291058529546, -1.3779377354892035 47.69970998682186, -1.3826493905967425 47.69617741275142, -1.3898107232229628 47.69319798134969, -1.3940724167580703 47.69355408360178, -1.3959052871995858 47.69245252394915, -1.4000389675659783 47.693587685982656))",2022,13538372.5,12528.0,0.002097299361500062
2,211300678,13067,2020.0,0.9897325068232782,99.0%,5842.05,30409.96,46039.23,64241.34,1132.28,782.33,175.0,175.0,Orgon,13,"POLYGON ((4.997669068388671 43.74890102707882, 4.9975644559077415 43.751029574290406, 4.995234136465516 43.75603443243355, 4.989027434944138 43.76536338418822, 4.987064693767753 43.77068359719482, 4.981559484891797 43.77967714168911, 4.975914587456419 43.78467741122142, 4.968076487212292 43.79100590306451, 4.990011009772231 43.79621428697248, 5.002965520793122 43.80055260593877, 5.011990318206153 43.80257754371912, 5.025238699139439 43.81006573299147, 5.02892544831049 43.81553957901071, 5.035442783588738 43.81999382355958, 5.041218775111389 43.8111855141881, 5.042930124446891 43.80644885247056, 5.043518532544593 43.79535305378714, 5.044834877231474 43.79210606068097, 5.049814236669085 43.788661323985764, 5.07151509729054 43.77980850935628, 5.077611814627141 43.777630150362924, 5.090745245911573 43.77209432499474, 5.080506043258241 43.76861693034563, 5.067171943198578 43.76365069228635, 5.059862823263126 43.76443360641556, 5.0579266280290875 43.767821353923914, 5.048983577353472 43.765476573752494, 5.049884145252309 43.76313961164474, 5.0412171027340245 43.75846902095429, 5.035086843300633 43.75465262840156, 5.029731984467831 43.75249701130652, 5.022957920485144 43.75320304405207, 5.018101444407257 43.749942066166284, 5.003875794089472 43.74988253398117, 4.997669068388671 43.74890102707882))",2019,3987807.78,3072.0,0.016109437451370837
3,212003032,2B303,2023.0,0.9880116035987109,98.8%,10361.4,10480.65,10813.8,13954.38,13822.89,15025.36,17823.07,196.9,San-Giuliano,2B,"POLYGON ((9.555299123940797 42.2524869393048, 9.552226451203728 42.24925507027725, 9.547225474103485 42.24988677778894, 9.543938947766463 42.250993505101235, 9.541381195825865 42.25392744353711, 9.530636564241561 42.26343450093294, 9.525535878687407 42.26710561051261, 9.515164826988633 42.270583801317116, 9.51727256739355 42.2745862156025, 9.515882447110904 42.279384565835265, 9.513826702286332 42.2837072848456, 9.51248729217452 42.288179685743906, 9.506767822446772 42.29182320355044, 9.502862677362689 42.29290188880134, 9.498266363294903 42.295636777379926, 9.498331915470251 42.29937731658844, 9.498591258113922 42.30013617333934, 9.495525979682245 42.30484312766645, 9.489078340147087 42.309046644801406, 9.489925238608581 42.31667771390758, 9.498035481420791 42.31876407856842, 9.506069127996517 42.3193696025151, 9.51387310408403 42.318697346952504, 9.521671978018023 42.31641071718833, 9.52939248939444 42.312643321768086, 9.532910632155465 42.30887580259515, 9.536365659162689 42.30298141996173, 9.539961647550482 42.29991905456127, 9.553621910043969 42.29920547027072, 9.555358382078717 42.292835411402024, 9.559296871542324 42.28503794157742, 9.559929742971338 42.281318639457766, 9.55928455929083 42.27322346673895, 9.557227520539886 42.265796734121224, 9.55593114686441 42.258129345475055, 9.555299123940797 42.2524869393048))",2022,778459.57,761.0,0.022895305918070992
4,219104692,91469,2023.0,0.9857685077739762,98.6%,15316.72,15737.93,15708.41,17926.18,15226.61,17200.27,18942.11,257.18,Ormoy-la-Rivière,91,"POLYGON ((2.203253651462942 48.39546434493746, 2.1996183288248807 48.39131746057387, 2.1901186814749725 48.38886967571613, 2.1830997127376657 48.38965888427091, 2.1757013971133135 48.38980091273882, 2.167921966553765 48.38942450195005, 2.162465661569551 48.389836971000335, 2.1581604623527078 48.39128797653271, 2.1487193973137275 48.39134938738706, 2.145881741222735 48.3922951732561, 2.1440913596163576 48.394665541127026, 2.1410545991983585 48.395867425046156, 2.136577999602342 48.395834910007444, 2.127380962005402 48.39286899008045, 2.129138158002684 48.39842142784754, 2.13214403522359 48.40501355908643, 2.136457433214234 48.40910302669205, 2.150588205417581 48.41422921287566, 2.1530851032955414 48.416372658064596, 2.158155848336447 48.41589346130246, 2.1648066776613035 48.41400812629725, 2.1715685878028395 48.411221429205405, 2.177045189571472 48.409649260235305, 2.1917873376492403 48.400604137428324, 2.203253651462942 48.39546434493746))",2022,550750.34,960.0,0.03439327881304622
5,214401051,44105,2023.0,0.9845627356296629,98.5%,6675.37,7494.41,7421.3,7140.69,6720.47,6922.47,6300.08,102.06,Mouais,44,"POLYGON ((-1.6442772375123609 47.72215251738433, -1.638126720522984 47.722267640686844, -1.6375399486961977 47.72216182576777, -1.637042661071206 47.704301526953564, -1.6392860774445426 47.69691839358343, -1.635755941043418 47.696154831761994, -1.631784619791856 47.68921192555664, -1.6328518251330413 47.68710401971664, -1.6412866801556762 47.688963862368205, -1.6559185680311637 47.69567576821467, -1.6638030317365775 47.69561947646563, -1.667660640666713 47.69682097938851, -1.6813221366380464 47.703375005725924, -1.6869173167780762 47.70244062692106, -1.6892565671691877 47.698409104642856, -1.695183549793995 47.696880012929356, -1.7035837902820072 47.70047981103979, -1.704643708803515 47.70811887315126, -1.7073165383226885 47.7144019069289, -1.703677719503814 47.714612975014525, -1.6846809327648797 47.71201936537596, -1.6795470511396464 47.71164410101958, -1.6699847231259466 47.71234937694946, -1.6582448082548995 47.71126873404906, -1.6503895023788615 47.71829473586118, -1.6442772375123609 47.72215251738433))",2022,345039.75,379.0,0.01825899769519309
6,215906546,59654,2023.0,0.9803987750150329,98.0%,19881.76,27236.3,21845.18,22910.71,22333.06,23336.85,42169.26,642.0,Waziers,59,"POLYGON ((3.0988436729851325 50.369201856637424, 3.099161045281486 50.37633590359092, 3.097553303564731 50.38173606787847, 3.0983688622905206 50.38501329479161, 3.1081971050487667 50.39265339084191, 3.110733928949679 50.39612178002726, 3.114583115587495 50.39811066503827, 3.121465320992707 50.39893960894208, 3.128746580821738 50.397454008086704, 3.1294488927431647 50.39513952123294, 3.123569508468171 50.390518014938536, 3.125689473964102 50.38871627358803, 3.1267980421580823 50.38704407716637, 3.125676513612272 50.38351026913726, 3.121930080462677 50.38190722182646, 3.1127087844174963 50.37433182461926, 3.1092602935896796 50.369707263755345, 3.0988436729851325 50.369201856637424))",2022,10587626.06,7471.0,0.003982881503467077
7,214202657,42265,2023.0,0.9785094893224688,97.9%,9222.54,3502.54,5901.04,8706.92,6900.94,6953.96,14456.42,230.06,Saint-Michel-sur-Rhône,42,"POLYGON ((4.755815816635243 45.4472062122442, 4.759960752431858 45.438371688916966, 4.74272992746733 45.43851181866575, 4.72818253759278 45.43602872215383, 4.716662293219661 45.4330460898401, 4.7103401509373315 45.43423887607592, 4.707704431742734 45.4354397048595, 4.709535942198458 45.43805552368756, 4.717593864137882 45.442317124361516, 4.715109719380437 45.445450241870184, 4.715060703007849 45.44983571977117, 4.7197276114258955 45.451698706918386, 4.7254665790638715 45.45244883385104, 4.7292305054056545 45.45193950165547, 4.73099731502805 45.45242810359455, 4.746161761036934 45.453869595266966, 4.7512034570260955 45.45295273451364, 4.751503694741616 45.447853970578, 4.755815816635243 45.4472062122442))",2022,437872.0,881.0,0.03301517338400263
8,215702457,57245,2023.0,0.9779996609355353,97.8%,5919.11,5521.41,5039.05,5330.43,5327.14,5555.85,11432.07,186.87,Gavisse,57,"POLYGON ((6.300905893871005 49.44315125746846, 6.301522026175893 49.44191078861331, 6.298190951617669 49.43800860479721, 6.298419139440103 49.43381614718925, 6.302151898354618 49.43004330706535, 6.299713640234787 49.42920816855871, 6.295122979991319 49.42579105012143, 6.293966598235281 49.4232463673675, 6.280140780933652 49.421432285673866, 6.276408005463864 49.42365876662064, 6.275418305627873 49.42684134356639, 6.268588437302109 49.43037501435766, 6.268831734979026 49.431076874981144, 6.272416859692097 49.434328924601076, 6.28566498997235 49.44105426752626, 6.288392392077463 49.44329869405532, 6.287010273851761 49.44655637114107, 6.28724914527161 49.448739567579494, 6.289617096478063 49.45157334225794, 6.291349277753474 49.45223468148199, 6.289779132746885 49.44944366115615, 6.295903177452504 49.44573491123261, 6.300905893871005 49.44315125746846))",2022,369703.36,579.0,0.030922277795906426
9,216006189,60627,2023.0,0.977335643432401,97.7%,2823.64,2967.53,3344.35,5799.55,3524.71,4107.87,9022.88,148.8,Tartigny,60,"POLYGON ((2.390525311336215 49.63619112197786, 2.3788278591935827 49.63085642716381, 2.368292215000953 49.62848605278515, 2.367531446795135 49.625522649069545, 2.3643784698463133 49.62261107948625, 2.3565209748921827 49.621411681231606, 2.3568562003067126 49.61851831708482, 2.354652837502882 49.61940734806432, 2.353348602873062 49.62010811657515, 2.341972837439412 49.629118458056546, 2.340080985094641 49.628979530620015, 2.3365786148036873 49.637774438025374, 2.3516471044660543 49.644353550393134, 2.357410470952084 49.64586383836688, 2.361901373083103 49.64550148023601, 2.3606639556995597 49.64079854950072, 2.3619678161521183 49.640162049826934, 2.367618638531744 49.64270062669719, 2.377646230377153 49.646097756714106, 2.377034792655128 49.64718830908826, 2.384235157367657 49.64535928801675, 2.389046357464891 49.64319618618588, 2.396200590933465 49.636734119492644, 2.3941234052297715 49.63537275113407, 2.390525311336215 49.63619112197786))",2022,173691.28,262.0,0.05194780071860832
10,215103284,51352,2023.0,0.976087050019354,97.6%,6109.62,4544.0,4726.8,3466.8,3573.9,3654.3,7971.2,139.0,Marolles,51,"POLYGON ((4.620990879400076 48.70874751521289, 4.617484712460581 48.71253066970156, 4.609974759558308 48.71353393579373, 4.602378468875189 48.714924318814056, 4.60574070200405 48.72235016822821, 4.607787268693764 48.7283767082687, 4.613704366065882 48.729649353980385, 4.62314311060678 48.73074505503491, 4.626938169621712 48.729920516639716, 4.637203133839669 48.72610901778677, 4.6376705174782415 48.72539414113807, 4.638477042970445 48.723000052742606, 4.641318495249155 48.72302540904789, 4.641329425257452 48.72025579803683, 4.6358670911613045 48.714727471555335, 4.632202699272484 48.71342512614662, 4.629098203145829 48.71436924618017, 4.6248206187893794 48.712237766270945, 4.620990879400076 48.70874751521289))",2022,489007.56,894.0,0.016300770482975763
11,212002497,2A249,2017.0,0.9740972575862614,97.4%,346565.39999999997,14610.160000000002,6765.64,6269.65,6744.17,7932.78,9168.460000000001,11348.099999999999,Propriano,2A,"POLYGON ((8.858601721619301 41.62397257414269, 8.860543373732098 41.62786141891628, 8.867389434908276 41.637601240992595, 8.869038990729157 41.642022139663645, 8.869347618396533 41.64600217917885, 8.872466441339434 41.64692395969899, 8.87665271253305 41.65075172584025, 8.879045943867823 41.65829023017326, 8.881468984044556 41.670469310941876, 8.882960683803498 41.671546392170846, 8.886820235495597 41.67120137206677, 8.89062268425776 41.6720199714032, 8.8942316027749 41.675234909946774, 8.907826595543817 41.67705085327194, 8.916534896178153 41.68191277829174, 8.919007625682973 41.680677463540626, 8.917859333157919 41.675261482807876, 8.919359367497657 41.66518303210691, 8.91699788512579 41.660609201177486, 8.919065203429115 41.65533468086804, 8.918339773948743 41.65240963971173, 8.920199890700397 41.643342746817865, 8.919550270227878 41.639446366445725, 8.916098722298383 41.636932841935234, 8.91404526461227 41.633695792250464, 8.908668011596763 41.63786680307973, 8.896487700758156 41.638873472958764, 8.894477081409274 41.63692314887046, 8.894756578911737 41.63452196174841, 8.889729084754673 41.62919482176243, 8.886715714442369 41.62672037372925, 8.88574098567319 41.62561450002464, 8.869283157491322 41.62008829435004, 8.858601721619301 41.62397257414269))",2016,,,
12,218002962,80310,2023.0,0.9731349605675497,97.3%,4356.88,4559.37,4298.02,3744.62,7637.92,4129.21,4228.12,112.26,Fienvillers,80,"POLYGON ((2.209024433076427 50.12620898183245, 2.2124888235235365 50.12346644498945, 2.22168235947635 50.12114603314143, 2.2266537447596444 50.12509959683705, 2.2332390308026153 50.128870127851286, 2.238413364412963 50.132824431836625, 2.2436383287476898 50.13343538468159, 2.252144081637304 50.13683087742867, 2.248331330717092 50.14278714492404, 2.2511281498076587 50.14428302580785, 2.2591138410211564 50.14208108729632, 2.2576508999979956 50.13885745856563, 2.264735159243928 50.136263917963255, 2.2687742487567006 50.13538787801415, 2.272510328484973 50.13457420739272, 2.2728463591942636 50.13219722829359, 2.264628872681317 50.12970503420634, 2.261202860543326 50.12306187148876, 2.262227815523251 50.12178208378424, 2.2578172699442702 50.12059815237662, 2.254443876873314 50.124178380214026, 2.248025536987013 50.12266040856713, 2.249697314728327 50.11849128250681, 2.2459320986086824 50.11454603755728, 2.25005145095267 50.10814141763699, 2.2486916047276506 50.10485386028609, 2.2489593434650215 50.10035455327773, 2.2459705314133838 50.09840724565765, 2.2403179876381145 50.099722684737365, 2.232093743557494 50.09812832083136, 2.2237281727170273 50.099233097749675, 2.219766083028333 50.10177996324044, 2.2168912392347164 50.10555532134518, 2.2124173536377687 50.108613060766686, 2.207375437784465 50.10935220301986, 2.1976417347039163 50.10774580034765, 2.1993125612211584 50.11662994402584, 2.209024433076427 50.12620898183245))",2022,316900.54,696.0,0.013342104118850666
13,218501146,85114,2022.0,0.9703423276258603,97.0%,25486.94,26452.86,31266.43,33340.1,30763.56,23891.1,1080.62,540.31,Jard-sur-Mer,85,"POLYGON ((-1.5808578164687153 46.44708591445984, -1.5755285188366075 46.44407102202196, -1.5729642722357529 46.43255046017926, -1.5715435672260138 46.42905581990445, -1.56672328609351 46.42311436463548, -1.5622291410275886 46.41993637461116, -1.5623496049530807 46.41463649371307, -1.563939957610587 46.40669482181619, -1.577961326482207 46.40923231520965, -1.5832637519541726 46.40972963446154, -1.586173186573735 46.4085794525479, -1.590065857290231 46.40906857321426, -1.6043523441135803 46.41249628895633, -1.6091926197217965 46.4130756616923, -1.6163693368394387 46.412397895063776, -1.623021382541138 46.41329078719533, -1.627151104570909 46.414350252768344, -1.6301886424746683 46.41803701246765, -1.6359325771030553 46.419288941384885, -1.6421953242815843 46.41890503232096, -1.6467775862850782 46.41975166429133, -1.6537390974599424 46.42205093451891, -1.6537220303799995 46.424053556341015, -1.648350542589163 46.426080783508034, -1.6462386906924882 46.431074745034415, -1.6422826337820995 46.432075321885094, -1.6359253713159736 46.43136520066804, -1.6269802846790755 46.42895157809436, -1.6218683578678104 46.428513056998476, -1.6204170191362302 46.431348647816456, -1.6184273584308153 46.43226871477782, -1.6120082431147023 46.43304502947207, -1.605673383966184 46.437046364933344, -1.5993402425259662 46.44330738049212, -1.5956797644153706 46.44448808130909, -1.5902584932350843 46.44373768212001, -1.5865274092014787 46.44408144835158, -1.5808578164687153 46.44708591445984))",2021,2572699.36,2695.0,0.009286394038672284
14,217301423,73142,2017.0,0.969374548190322,96.9%,39883.26,1505.5,1360.16,1360.49,1362.22,1362.36,1362.96,236.41,Landry,73,"POLYGON ((6.7431057348126275 45.58148780636354, 6.748990518699105 45.579613580323695, 6.758930469878239 45.57753889947743, 6.765658573991913 45.57311847229563, 6.775711305396572 45.56729509892933, 6.788331696672748 45.5625459323464, 6.794862692316964 45.55935656221503, 6.804277521982481 45.55374563462139, 6.804078100528478 45.54949262746112, 6.781957770105341 45.55043338670481, 6.776112400901592 45.551469118354746, 6.772238667155704 45.552954655491455, 6.761280790175126 45.55358034186239, 6.754660669761025 45.55683523606577, 6.751832544950437 45.5560261860257, 6.748743995792175 45.54999804516355, 6.7478043255029885 45.54977124987362, 6.747059698225778 45.553797554324724, 6.74489047055734 45.56000116671548, 6.740693150340956 45.563561620581744, 6.7287427914593785 45.56595965298551, 6.72433211947058 45.570494613181815, 6.728467024368366 45.57422980283671, 6.736623408012074 45.577250338137105, 6.7431057348126275 45.58148780636354))",2016,,,
15,211300348,13034,2020.0,0.967516944439408,96.8%,20870.36,22374.47,23875.08,30175.1,1058.77,1274.89,979.91,197.86,Eygalières,13,"POLYGON ((4.953491598476258 43.728307711751114, 4.93962468543183 43.733388753426, 4.928635503930888 43.73635494487451, 4.9173209411106535 43.73765027221627, 4.919715319126035 43.74237673911957, 4.918275942224221 43.750135087728296, 4.920220357986872 43.75209851624732, 4.922834720525579 43.75269680922071, 4.924763623751419 43.75685146761163, 4.923417465075825 43.75938849051868, 4.920138535513726 43.76299066162378, 4.916996095130271 43.76800806547064, 4.916557793819133 43.77362227531071, 4.914815407027019 43.77771280026956, 4.912916548221031 43.77980832251061, 4.913269938529416 43.78502199412555, 4.9266161764467435 43.7853023944472, 4.924503299665858 43.78901299977483, 4.923483257518294 43.79328427796228, 4.924311086689014 43.799262928806804, 4.934485534752621 43.79566729703492, 4.937108627925111 43.79117408268656, 4.944935524130339 43.78968136000273, 4.945467552738831 43.78690078025982, 4.953735068703058 43.78784841621971, 4.9626644451744415 43.78981461952975, 4.966769968553073 43.79206059937015, 4.968076487212292 43.79100590306451, 4.975914587456419 43.78467741122142, 4.981559484891797 43.77967714168911, 4.987064693767753 43.77068359719482, 4.989027434944138 43.76536338418822, 4.995234136465516 43.75603443243355, 4.9975644559077415 43.751029574290406, 4.997669068388671 43.74890102707882, 4.986250758988538 43.744663319078846, 4.971152295409281 43.73739790949834, 4.966712927745294 43.73573825048614, 4.961762937043488 43.73221880509478, 4.953491598476258 43.728307711751114))",2019,2104551.16,1915.0,0.014338021604568641
16,214501082,45108,2023.0,0.9664775264973126,96.6%,30631.43,29594.46,39252.3,30504.969999999998,30670.16,30297.75,6354.08,614.33,Coullons,45,"POLYGON ((2.49126037800328 47.56830996394983, 2.490462531962807 47.57159311141392, 2.487657813804348 47.57428746189305, 2.475243948423441 47.579581110725336, 2.4525460847607916 47.596747649379, 2.4504772396138135 47.60215113855752, 2.450152463318083 47.605758407765045, 2.4380287992413967 47.60976057803499, 2.4408839125684314 47.62098728032769, 2.443714146344073 47.62551175143478, 2.4515719028782663 47.63560185420572, 2.4524538963379166 47.64314566362569, 2.453299164266282 47.65429797088379, 2.4536764371144058 47.65494414641685, 2.468449572028785 47.66525836958278, 2.4781235318649277 47.667428500620424, 2.481087363425949 47.66866606491549, 2.4890437531971172 47.66986104067302, 2.4938423391229536 47.67001079696943, 2.4983711433346416 47.66822598718798, 2.502216287867228 47.667662460606635, 2.5164687269935038 47.6626959302161, 2.5322190743246584 47.66172897833296, 2.5459631383699803 47.65959220111402, 2.555179391076666 47.64783500435373, 2.563989413974958 47.63833094884687, 2.5641912920775 47.637107320608216, 2.5585581490415508 47.63379966820533, 2.5538380527922375 47.624631048875834, 2.544201235747654 47.61866519776198, 2.5599420419120387 47.60557940392943, 2.566245501208594 47.59683883526619, 2.5739108971577913 47.585331836235994, 2.573161129266859 47.58320248259488, 2.5654367985444946 47.57840519450279, 2.5699818945847244 47.57333102411911, 2.56952613958507 47.57042939680105, 2.567433790873026 47.56848835794723, 2.563187925209316 47.57214580954491, 2.5472554270427765 47.575178354925825, 2.5229552461768487 47.57063494260565, 2.5217858211150292 47.57282123417998, 2.519107443637626 47.57229467846948, 2.513382827962501 47.56956431494779, 2.5078379568945777 47.568187740421834, 2.4991243572265844 47.56757066447435, 2.49126037800328 47.56830996394983))",2022,1676630.8,2330.0,0.0037897908114296838
17,218710804,87108,2023.0,0.9663245777981713,96.6%,4575.15,4878.87,4711.08,4516.96,4827.74,5922.21,6587.21,210.63,Nouic,87,"POLYGON ((0.910121374344028 46.01769957322573, 0.9082058698067026 46.01663237286032, 0.9010063631280095 46.019788282901814, 0.8966061394364468 46.02280226925693, 0.8940951728739407 46.022691143825824, 0.8938984253854546 46.025396120845144, 0.8957892975949471 46.027108017162654, 0.8914079727237578 46.029606237674145, 0.8862937913957336 46.03176817430458, 0.8825162724080615 46.035502662643616, 0.8888469333836451 46.03807142147095, 0.8946823081099752 46.043855179250464, 0.8940167024539434 46.04906660570767, 0.8871425793568453 46.05332412262795, 0.8808399859103946 46.05481879034616, 0.8747302097957073 46.06096012500108, 0.876538062371352 46.067249674067014, 0.8737573859632649 46.07164749856971, 0.8709372494445444 46.072239513529404, 0.8706517671760488 46.07720001310677, 0.8716825675889172 46.07947656556905, 0.8746146413288188 46.080821369866584, 0.8815180015198238 46.08559387847651, 0.8917861366592915 46.0877843758184, 0.9014663189886648 46.09073694711881, 0.91415700541783 46.09058401030552, 0.9219594797704199 46.091436573555974, 0.929644694899752 46.092931359824, 0.9349371614078589 46.09109309624184, 0.9414278608867298 46.09211390258638, 0.9425029157574705 46.093294222782646, 0.9484113364471254 46.0924338547168, 0.9521925959190826 46.0910833828421, 0.9530819004936995 46.089745142655964, 0.947191931605468 46.07764359343439, 0.9487430424149016 46.07605940295573, 0.9570006016552843 46.07466067033186, 0.9600064325857393 46.07155477050186, 0.96026707571492 46.0670451752957, 0.9587528588449313 46.062632626510975, 0.9584283169636809 46.05882188555037, 0.9548073395973244 46.05843418794259, 0.9516847545167264 46.062182734715705, 0.948166385887393 46.06153872145668, 0.9448545264590261 46.05786730536226, 0.9455933088795138 46.05555904894473, 0.9487651284137064 46.05548749090422, 0.9507631969663571 46.049397068628174, 0.9402025338661216 46.05017305377457, 0.9407599685825995 46.04773255127007, 0.9482739115205717 46.04367692411858, 0.9460163433409792 46.03925071594515, 0.9423229194743648 46.03834536022701, 0.9471946640101045 46.035144693867956, 0.9438362605243827 46.03276217552696, 0.939097393160679 46.032418148152274, 0.9353295256337464 46.033510401630174, 0.9336013439813299 46.037348332090914, 0.9284168376068629 46.0389304545848, 0.9223135710603566 46.04262370046208, 0.9171941684338819 46.04246526799996, 0.9171397710774483 46.03898176873998, 0.9181803816052798 46.03364815450694, 0.9151292705526852 46.02811035565428, 0.9146730870533721 46.02294269738042, 0.9120468527158725 46.02095961368151, 0.910121374344028 46.01769957322573))",2022,453767.89,466.0,0.014516694867942286
18,218903425,89342,2023.0,0.9655772632299533,96.6%,7215.86,7414.45,7730.08,8400.08,8659.16,178.35,9053.92,158.9,Saint-Denis-lès-Sens,89,"POLYGON ((3.2642692928794483 48.21961443656992, 3.265149715638758 48.22109407018482, 3.264782078837415 48.225153198746305, 3.262195840840251 48.231793944905924, 3.2600693402475116 48.23340907049481, 3.25348044467444 48.23522706084427, 3.2511631607698668 48.23761543261556, 3.249725082492258 48.24129023418265, 3.247215391871199 48.24412983947699, 3.244415481248083 48.24722765112515, 3.2422972842706366 48.250903739843345, 3.241820574248555 48.25277278452247, 3.250653213887294 48.2528188059242, 3.2651919251250434 48.24879328208793, 3.267402546625959 48.244536816087994, 3.2715687779394953 48.243238986719156, 3.2774953932130173 48.24457797215217, 3.280415257399524 48.246181496206276, 3.285263741610471 48.24546131423697, 3.2867653263478247 48.23605282999431, 3.2762741850853847 48.23375880470385, 3.27721192437904 48.22757255584852, 3.2787392748873305 48.22286648783003, 3.278674634120672 48.210627248226075, 3.2726594817862025 48.2101903573237, 3.2652117489921926 48.21413681114633, 3.2642692928794483 48.21961443656992))",2022,918010.36,668.0,0.00986254664925568
19,216206516,62651,2023.0,0.9651333772991767,96.5%,3988.9,2666.94,2879.62,2698.98,2849.65,2940.93,5641.49,149.62,Penin,62,"POLYGON ((2.4763542842998656 50.3186376292049, 2.474340604212721 50.31798627058103, 2.4673677365478954 50.31821346885625, 2.4612943766484747 50.31934411460541, 2.4620690203314735 50.32249716843954, 2.460215554624667 50.32576728718871, 2.4603510587325275 50.3320028788189, 2.459023029895974 50.33334690026599, 2.466486295868604 50.33472923752803, 2.467345619389117 50.33948949099175, 2.470345077617768 50.34258770970516, 2.472359686558803 50.34323911150478, 2.4851788790882026 50.34490018486243, 2.49469946278834 50.34294695794529, 2.494907378864367 50.34236931684953, 2.4987810311789502 50.3390427047783, 2.5077671631464566 50.339914486242314, 2.513130208367654 50.33922871762089, 2.5147662948440384 50.337242569133096, 2.514843425043212 50.3292081643086, 2.517079807162505 50.32780282236057, 2.518614947877796 50.32575192007098, 2.5133171485045644 50.31981749911799, 2.504254273203699 50.31682456601443, 2.5029176988736723 50.31919751135273, 2.4993571930040677 50.32168998497785, 2.494589124230343 50.323663177621896, 2.487517142404969 50.32363399546798, 2.4787528757605797 50.32115467265193, 2.4763542842998656 50.3186376292049))",2022,157181.63,492.0,0.03589153516221966
20,210803102,08344,2023.0,0.9645165294533167,96.5%,2700.67,2850.68,2947.74,3086.76,3501.91,7495.97,3701.92,198.67,Prez,08,"POLYGON ((4.334678674333565 49.786023045019355, 4.337127591154458 49.79937695486331, 4.340194431294846 49.801916493843144, 4.3407040380483375 49.80609232077506, 4.339209207015933 49.806301727657896, 4.340430594501661 49.8109200222207, 4.343969566527194 49.812360659810665, 4.347249368370096 49.811552539268035, 4.35057156482904 49.81235208920943, 4.351666886146427 49.81594238449151, 4.354125116750046 49.81810230907743, 4.360362043137447 49.819383843146966, 4.36760793374886 49.82470645659762, 4.373228530721633 49.82535095637132, 4.37593580680024 49.82184671934898, 4.380932639026232 49.81793054003895, 4.380486617134019 49.81253192305438, 4.385708343823501 49.80957789312892, 4.389596031195479 49.80908336608509, 4.387846280946781 49.799904054640514, 4.385596168931934 49.798064045630305, 4.379026585884099 49.795500936345775, 4.375387418510241 49.79033121794725, 4.373862076437832 49.789383442767395, 4.3719799570663165 49.786316727352265, 4.3673496050889264 49.78141520331441, 4.360855625851123 49.7778209400879, 4.3541166838863905 49.78381447873164, 4.3481621599999745 49.78548873783433, 4.340958856229803 49.78531083706544, 4.334678674333565 49.786023045019355))",2022,88539.6,136.0,0.041810895915499954
21,218400166,84016,2020.0,0.9619688111938274,96.2%,29721.88,46027.5,45802.51,187288.81,7429.28,6261.09,2104.36,1934.75,Bédarrides,84,"POLYGON ((4.936420853686577 44.02468260903517, 4.936054959320396 44.024495725873344, 4.933793867249675 44.02408454357267, 4.927520959388301 44.02464640144443, 4.927554585558217 44.02032749163396, 4.915194374720901 44.01893325701993, 4.914354585110963 44.020688162800056, 4.912969161020564 44.02760878862584, 4.9107133475037035 44.03003294227135, 4.90329529023956 44.03132236350217, 4.897461921782132 44.03161702670153, 4.882384720615021 44.035100025989344, 4.877456395362893 44.0328644181083, 4.873212435728005 44.03229263022757, 4.865461273302202 44.03442304270995, 4.862187406598208 44.03602564245436, 4.865006145471401 44.04248728175051, 4.863945472330539 44.04579240454916, 4.863964743353493 44.0546220355053, 4.865301159088498 44.05698401392095, 4.875877044352296 44.05860798120383, 4.886967245788768 44.05944863886641, 4.892212847220243 44.060324897733004, 4.898120058621047 44.0621562399856, 4.899550112993223 44.064580667745595, 4.9001608558874095 44.06940408716957, 4.905954163339182 44.07317062916908, 4.915524534464697 44.071521191947724, 4.928674784045435 44.07199935822484, 4.933621638243955 44.07461920306069, 4.9328561950265755 44.0759218063994, 4.935220204110157 44.07665351051134, 4.938963528319408 44.07033520325756, 4.940151798040547 44.065608984737146, 4.9410087090829204 44.059083922004454, 4.942185587539371 44.05403563601278, 4.94366016967512 44.04717735694964, 4.9378078397444405 44.044316260669646, 4.936420853686577 44.02468260903517))",2019,4369076.55,5167.0,0.042866909713449634
22,211002324,10239,2023.0,0.9618359847427668,96.2%,2890.2,2923.02,3005.17,2586.24,2633.49,5538.93,3060.27,164.09,Mesnil-Sellières,10,"POLYGON ((4.181785092406044 48.34374509220894, 4.18581156955649 48.34550857406344, 4.194033483433072 48.34787388849747, 4.196734340314204 48.34262870067245, 4.208504932739158 48.34708293452796, 4.225589144215575 48.34993509155391, 4.229523700282125 48.34351681212613, 4.236301886620125 48.33816384509135, 4.2286778251238255 48.336439439716294, 4.23155318961767 48.3346702371444, 4.21974313635303 48.32847932971178, 4.221698881487291 48.32478722089732, 4.214657326568548 48.32292706811365, 4.207956209134311 48.31893715821492, 4.203855939807858 48.31814146278812, 4.195460883139773 48.32937118085943, 4.189569866421591 48.32678930706772, 4.186458560145942 48.3310722156535, 4.185550447690009 48.33391576353359, 4.177654369098535 48.332963845592, 4.175066564788037 48.338980527365855, 4.181785092406044 48.34374509220894))",2022,160740.16,611.0,0.01903861486762238
23,216900969,69096,2023.0,0.9613764282970406,96.1%,49066.44,36097.67,35193.85,33020.25,33246.07,34908.08,50060.24,1640.89,Grigny,69,"POLYGON ((4.778841404342424 45.59057613117906, 4.7747222089524985 45.594703681073064, 4.7747103128408375 45.59721872785823, 4.771820259816005 45.60222952957612, 4.76419249593976 45.60944261196516, 4.765603224033813 45.61019427978696, 4.77402460903714 45.61044868534148, 4.777672544671563 45.61464702168649, 4.7824146783975365 45.61547476044529, 4.789153894150242 45.6180116258073, 4.790375396182256 45.62147432985453, 4.7983553126670015 45.62231432530204, 4.802480934364807 45.621216559284946, 4.803600417773504 45.624358348105176, 4.804251491152192 45.630151497532644, 4.807274641702474 45.62926468735302, 4.807226103242633 45.62210770349133, 4.801964671967075 45.613873629313524, 4.800946513972638 45.60815084457254, 4.794758724894516 45.60263963757896, 4.790148946833417 45.597296456975506, 4.784746028789807 45.593126402542794, 4.778841404342424 45.59057613117906))",2022,9987896.4,9781.0,0.005012090433777427
24,215004508,50450,2023.0,0.9581917132678986,95.8%,2616.53,2041.28,1990.68,2174.73,2401.15,4974.44,2366.21,153.45,Saint-Barthélemy,50,"POLYGON ((-0.9655346648357446 48.67004875304595, -0.965045894149527 48.672644070453494, -0.9608973439896573 48.67607034981601, -0.9597729446341716 48.67933150875409, -0.9629042883177842 48.68573941674692, -0.9682455881801919 48.69155786314421, -0.9695798824686978 48.69750960840008, -0.9667887006698843 48.69947230824268, -0.9606782591571578 48.70032026163429, -0.9568214862070668 48.69986809067321, -0.9475352598762172 48.69630757002311, -0.935820980094937 48.69301999248764, -0.9296450168624771 48.69038695897316, -0.9290895354424679 48.68821316838272, -0.9340459215366717 48.67986141530638, -0.9368493941375489 48.674159512727556, -0.9414193251930533 48.67110702148255, -0.9501016713423269 48.66933648870463, -0.9538629046532652 48.67114597423088, -0.9570094969053147 48.670009876839345, -0.9600438566558671 48.66739447080548, -0.9655346648357446 48.67004875304595))",2022,193744.49,340.0,0.012213044097408914
25,214800906,48090,2023.0,0.9558802985975887,95.6%,29526.27,28429.17,29783.41,37655.42,38883.07,39944.06,39944.06,1762.32,Le Malzieu-Ville,48,"POLYGON ((3.3153414641986574 44.866220262946456, 3.314253860481683 44.86744804638441, 3.314574784038405 44.87589113431835, 3.3184005606513747 44.874913360063154, 3.329438417128308 44.87494562215415, 3.3401364017425066 44.87910315259754, 3.342782730390376 44.879223932685385, 3.3463321843547273 44.87785929755816, 3.348873225119237 44.87572422316066, 3.348741567545742 44.8692143662241, 3.34570347890034 44.864647348468054, 3.346786360299456 44.86277469136692, 3.349424714636718 44.861735092587935, 3.3539874237049445 44.86217184422785, 3.3594510512371656 44.86086513110911, 3.364180695043597 44.8589159798753, 3.3663583865902877 44.85723290973758, 3.352194025721694 44.852508874009054, 3.3501703330366834 44.849679137930615, 3.3458790244143373 44.84872572807311, 3.341791389510658 44.85125223781079, 3.3389550742940584 44.8496494939629, 3.337204123363783 44.84656086308194, 3.338004122397487 44.84314218156349, 3.332736275734909 44.84650988897287, 3.329102584463948 44.84877673636921, 3.325387501516731 44.85278405991211, 3.323071616583513 44.86233056781156, 3.318429633154068 44.86395542405899, 3.3153414641986574 44.866220262946456))",2022,1269929.24,742.0,0.03145376824302431
26,218706901,87069,2023.0,0.9555250270556085,95.6%,2643.0,2725.0,5522.0,2827.0,3566.0,4047.52,4046.92,180.0,Gajoubert,87,"POLYGON ((0.8272227723557782 46.08598585671849, 0.82731230131299 46.08843829013607, 0.8305437346071148 46.08927403615388, 0.8337176717209304 46.09629986466108, 0.8332007147467768 46.1046740100734, 0.8243877131562947 46.112824951703715, 0.8159765354929818 46.115501102747835, 0.8111351989272652 46.12224409366052, 0.8102914661622193 46.12467855169529, 0.8136650937187611 46.126678353110464, 0.8178542806359281 46.12695242434536, 0.8232048393677913 46.12853846387377, 0.8348683677962004 46.12863249421902, 0.8404455982549226 46.133962576002084, 0.8458335323362102 46.12987293512018, 0.8542127045599769 46.12803234979319, 0.8588863877295432 46.130248809756814, 0.8603137248691191 46.13433869422772, 0.8655868953249043 46.13076191375407, 0.8692224095798831 46.123671635061584, 0.8699245127546786 46.120008792390415, 0.8666274716302895 46.11839908189926, 0.8621869449423709 46.119798853772245, 0.8559237406170684 46.11768148669338, 0.8578868058874757 46.11520336604882, 0.8652782884915061 46.11469769399865, 0.8650812510737993 46.11256576301513, 0.8567219329981509 46.10679743456105, 0.850747870402373 46.099719322218206, 0.8524485224130843 46.09678488651862, 0.8570512301509025 46.09596901448805, 0.8631798516307047 46.091892622743735, 0.8634385116908304 46.087641035653405, 0.8666517438356867 46.08415445554497, 0.8675248781708328 46.08088179340573, 0.8654366509595975 46.079423700812555, 0.86054301967418 46.07817065844558, 0.8492349706817311 46.08118142580018, 0.8464163197374598 46.084094592095035, 0.8469297437123141 46.08765140636853, 0.8423047989544331 46.089046865327454, 0.8329618713525324 46.08944923289445, 0.8272227723557782 46.08598585671849))",2022,129247.27,141.0,0.03131145439280845
27,213305360,33536,2023.0,0.9545140817803814,95.5%,3137.1,3209.0,3288.8,4000.3,3716.9,3589.0,8291.6,270.2,Le Tuzan,33,"POLYGON ((-0.6393893251996369 44.44888377160323, -0.6367259327737529 44.44974592193406, -0.6256189181424635 44.45178944544328, -0.6208505256492952 44.45375270198223, -0.6171836666933264 44.45593764170209, -0.6155886944228965 44.45792544773073, -0.6163742872301281 44.46028672161288, -0.6200752710056113 44.462874822637175, -0.6204382408060316 44.4685402531991, -0.6123332011170413 44.4722255581341, -0.6065592047221788 44.4726727374254, -0.591466797092493 44.47058505117293, -0.5852001803802566 44.468982710499205, -0.5808901798352917 44.469638964639074, -0.576659143532756 44.468679637051146, -0.5768775765081863 44.46783386675258, -0.5836266981732172 44.46561464587509, -0.5847263852672977 44.46151449203914, -0.5822071113926329 44.458951360324846, -0.5781162200442286 44.45876172521893, -0.5731217066798899 44.45718195289116, -0.5689018866971624 44.45351244950216, -0.5627172379008295 44.45029344820119, -0.5631729148033967 44.44602086594703, -0.5650296178663754 44.44241258906666, -0.5832512239328912 44.43253140102976, -0.5906528157285128 44.432096779598076, -0.6008117235644832 44.43228118410463, -0.6112912239766557 44.431809000418966, -0.613530805781359 44.42999365198979, -0.6180017424424095 44.42907267735353, -0.6273465439764685 44.42928136568156, -0.6276797642323944 44.4429475362678, -0.6393893251996369 44.44888377160323))",2022,307002.48,262.0,0.027008250877973365
28,218200442,82044,2023.0,0.9533915834104405,95.3%,14317.38,14642.93,15556.28,15414.45,17391.15,40771.14,44607.86,1989.69,Corbarieu,82,"POLYGON ((1.402433915925353 43.95391573005475, 1.4114516272726774 43.94599172155112, 1.4155389759791297 43.944246648834714, 1.413979647182748 43.94222628332473, 1.405566665769403 43.941394966875805, 1.398541136300797 43.93910114411375, 1.3973573836854538 43.93012616977418, 1.3908424240335555 43.919332858261996, 1.3898590232133858 43.91603178467871, 1.3833754993255447 43.916902651996935, 1.3780410296470154 43.91837019439548, 1.3718679732397139 43.920920518675, 1.3671108146695072 43.92413611526581, 1.366354639169105 43.9254781209769, 1.3647055698397696 43.932928907497036, 1.3648657361041465 43.936733491609125, 1.3635138420833195 43.940064338866975, 1.3568794078236277 43.94918031164117, 1.355534181500482 43.95225341759558, 1.360682701181444 43.95426410708258, 1.3623172545720064 43.95673751045303, 1.3621054246187116 43.96098769300434, 1.359055070111391 43.96403529990493, 1.3663900789305858 43.964982953112894, 1.3706504496328056 43.963564309104065, 1.3760865569004848 43.95868296781102, 1.388685439325863 43.95442277777731, 1.395677957432881 43.95156122347384, 1.402433915925353 43.95391573005475))",2022,1074832.34,1697.0,0.04150215651307998
29,218801157,88115,2023.0,0.9531183708103521,95.3%,8244.02,8196.0,8017.0,8616.25,9088.36,8727.0,10129.0,442.0,Corcieux,88,"POLYGON ((6.916968649764141 48.18284678796737, 6.9129414919846734 48.178272053215714, 6.913147394820713 48.17581428376747, 6.915731476410572 48.17140712249861, 6.917131143016905 48.16542674450294, 6.910901960672491 48.16253752729969, 6.906548485684526 48.15745740977996, 6.906816335502778 48.15190161010139, 6.905284041535635 48.1469214268875, 6.8995987839966295 48.14085318107454, 6.896219572063765 48.139739432144, 6.889789427363614 48.14459571779771, 6.887267363214511 48.14590438271584, 6.8766043160869055 48.14993188646384, 6.869198967610899 48.15211007097982, 6.8658617282034635 48.15421896008697, 6.864895068552588 48.163538254766735, 6.86262886836217 48.164386462768775, 6.8559067372154185 48.16267152983148, 6.850141631024446 48.15944156326114, 6.8403237949287234 48.16182557082732, 6.843428696468466 48.16849651668243, 6.846913109804546 48.16838292231864, 6.852362265905055 48.17259081429613, 6.86356609240805 48.17719060458539, 6.8647389128463825 48.1812799545477, 6.866672011291647 48.18779522593385, 6.875778237176717 48.19020530216852, 6.879471861044173 48.19027741054119, 6.883847470910777 48.187747090394986, 6.888511134661162 48.18649703703415, 6.897253381109561 48.1865955769965, 6.916968649764141 48.18284678796737))",2022,1830110.09,1514.0,0.005534639722138246
30,219103405,91340,2023.0,0.9523558461340035,95.2%,72727.92,48620.12,49686.13,64693.26,71069.93,60666.32,65635.01,3008.76,Lisses,91,"POLYGON ((2.3984031907086103 48.607221501923775, 2.400035539233893 48.60974134332287, 2.405807473063136 48.60919068576057, 2.4117204566832613 48.61347043971273, 2.421980873198237 48.61358508523038, 2.4286353290044085 48.61278000358331, 2.4368621417510585 48.611144800139286, 2.4433199350830317 48.61040236836827, 2.4494306849237226 48.60547199023621, 2.4498540000940223 48.60238274347794, 2.4492107053943184 48.59851575351278, 2.4506115688896153 48.59536660519572, 2.4427122668554118 48.59404187421105, 2.4388178190844356 48.59279996480543, 2.4323146963977655 48.58890507621786, 2.438887767470235 48.57715081913097, 2.4320573357463844 48.57660320208746, 2.426699626850692 48.575353878046855, 2.4223286289834123 48.57320747917743, 2.415928268649836 48.57794196407538, 2.416871169895964 48.58097346133545, 2.413291070645957 48.586687584590564, 2.4095503891142704 48.589245131892476, 2.4044505463533996 48.591022953495845, 2.393434006629288 48.58909969007306, 2.3989662628705206 48.592219006406644, 2.4047128577576236 48.593729105517355, 2.4071404811327213 48.595029237755625, 2.3994809894212548 48.606969341916646, 2.3984031907086103 48.607221501923775))",2022,13579777.56,7396.0,0.0048332905093623636
31,214400160,44016,2023.0,0.951932839757427,95.2%,4687.3,4666.0,4834.0,4625.13,4770.78,16546.71,10183.39,642.42,La Boissière-du-Doré,44,"POLYGON ((-1.181369063111579 47.24089674991906, -1.1819944059036904 47.236678920031665, -1.1841808050165228 47.230468410534854, -1.1858969028331312 47.228018314530686, -1.1887125954775668 47.220106797903824, -1.1949611317179971 47.21833154784414, -1.1993036185411698 47.21778687653538, -1.204402027619417 47.218376382540185, -1.2169135477677389 47.22353675151234, -1.225078273652413 47.22795089014856, -1.2270601418845524 47.233752121701386, -1.2314299063121061 47.23959520395163, -1.2242240741628767 47.24134272849977, -1.215327014373174 47.24463584654798, -1.2127724830099995 47.24976316610072, -1.2080434208696866 47.252710385969245, -1.1979558135070112 47.25301177679328, -1.1949317146409053 47.252153166917815, -1.1931482180116304 47.24763520316326, -1.1900388833837308 47.24445603031057, -1.181369063111579 47.24089674991906))",2022,947146.99,1072.0,0.010751646901184788
32,213600851,36085,2023.0,0.9509837407766454,95.1%,299.8,424.72,441.01,2135.9,1644.77,1552.96,6410.52,195.17,Guilly,36,"POLYGON ((1.6941477561005494 47.08060681297948, 1.6977507012847792 47.08870550598441, 1.6968167166343373 47.0919826569124, 1.7013032282501377 47.09499849193495, 1.7071970475278984 47.094806690142526, 1.7119251166331213 47.09569749327305, 1.7167222310561339 47.09768475227169, 1.7254119658756133 47.09977924573722, 1.7349904147999373 47.10046460655647, 1.7378772205971786 47.102945763492244, 1.7436970505019842 47.11003563335592, 1.745392345794007 47.11475984256338, 1.7440567647952765 47.119064368530154, 1.7407633539938183 47.12173600613233, 1.7414993521514288 47.12277542247912, 1.7489162461323682 47.12259802488007, 1.7498138807410257 47.116677145920455, 1.7561123985085172 47.1113946318079, 1.7566141160427104 47.110239693213536, 1.7540557000355854 47.10582866928667, 1.7585658605113943 47.103878819278215, 1.7599919135552897 47.0997040157522, 1.76039684946815 47.094486834713756, 1.7680159404119276 47.085285556856356, 1.774626269883733 47.074397031785196, 1.773926915254159 47.07174660649571, 1.7722153813990376 47.07185736301521, 1.7656873193206508 47.06669518362131, 1.7652584795738993 47.06469222164819, 1.7614147484429221 47.06671393062426, 1.7602936931775819 47.070054031385204, 1.7570856375347523 47.07330722890835, 1.7522370291280767 47.07357730120679, 1.744083989853021 47.0730377403497, 1.7306115119721734 47.06857144252796, 1.7288240546372284 47.063845896473, 1.7236220676332326 47.05901817634706, 1.7125173824138196 47.05895943049943, 1.7086859665924103 47.06039936125407, 1.7019424412361985 47.06844635452302, 1.7058954744655812 47.073841248117155, 1.6952216787738839 47.079394115713214, 1.6941477561005494 47.08060681297948))",2022,162153.94,253.0,0.039533544482483744
33,200008829,97613,2023.0,0.9496939788638621,95.0%,7831.17,8554.06,8565.79,15395.43,3638.5,7714.84,8581.42,409.9,M'Tsangamouji,976,"POLYGON ((1.0956086009320702 42.06239100243646, 1.1043274098507787 42.066858475057785, 1.1284724667442712 42.07816202530483, 1.153398462759177 42.07872798935405, 1.173598202679846 42.08036493913157, 1.181777575376278 42.07162608201443, 1.203665444536908 42.06061066525909, 1.2196415810292982 42.055218227485945, 1.212152799167508 42.05007343188276, 1.1843885268212777 42.02926925770885, 1.1834476976530863 42.028802736552, 1.1860447093726993 42.034702281480655, 1.1844515744996504 42.04130214673239, 1.179621299355762 42.0430208056486, 1.1746200606859256 42.04184091674787, 1.1714311381278553 42.038247108361425, 1.1685197681896209 42.03690996686424, 1.1637947833192543 42.04081734383211, 1.15946872581134 42.043058570931755, 1.1527841703389992 42.04294219774576, 1.149374375577201 42.040888059772826, 1.1419062798292543 42.043588372839956, 1.138115683725501 42.04809014853151, 1.1281271400022874 42.0535119762414, 1.124603551329176 42.05776069043445, 1.1208224785629246 42.05917360187714, 1.1130320659533721 42.05826299608971, 1.109628970106657 42.05601462124621, 1.1065030787221715 42.05595879430353, 1.0956086009320702 42.06239100243646))",2022,6535010.4,6586.0,0.00131314557663137
34,214700965,47096,2023.0,0.9496619515413436,95.0%,132.98,134.31,137.52,291.73,2552.74,152.29,6456.23,166.33,Ferrensac,47,"POLYGON ((0.6678962867565296 44.65432957011566, 0.6620623057718309 44.65252989154108, 0.6574896621983259 44.648822199091754, 0.6540827774930653 44.6411412412195, 0.6506731225575351 44.63790928827542, 0.6494616420480573 44.63427261932434, 0.6498393112984064 44.629573565493146, 0.648994428744534 44.62368787682415, 0.6505751581689628 44.62281876209928, 0.6485787709684835 44.62058397720035, 0.6506347295655394 44.619209131748086, 0.6475224421548069 44.61759540438245, 0.6420972031166949 44.612643767147475, 0.6362294812392519 44.61393698635944, 0.6289269631057219 44.61694010600299, 0.6276102210705545 44.618008022071756, 0.621483979779841 44.62110039870118, 0.6229032155560038 44.62622493325215, 0.6249150708916726 44.6280736498547, 0.6250420535843961 44.63368623983068, 0.6282005712929103 44.64284590826283, 0.6298039065510439 44.64578195177548, 0.6292468780855858 44.64822030611197, 0.6256223053292392 44.652269363015165, 0.6237811018793784 44.65713043202988, 0.6198041348612752 44.66304174144548, 0.6153322374429666 44.665589190865575, 0.6098545544524548 44.66611578743028, 0.6131146415995148 44.66857203086078, 0.617139952481017 44.67014190738565, 0.6240986696710618 44.66900194038811, 0.6262505497842953 44.66756505031197, 0.6268770271311734 44.665644032050245, 0.6406056053755431 44.66348741325626, 0.6429592789104377 44.663731038640485, 0.6475400723170099 44.65854108567893, 0.6523947290852843 44.65548466091295, 0.6555735847699421 44.65555209319948, 0.6625216585207645 44.65679533744346, 0.6659143665038144 44.65828556872953, 0.6679499452561573 44.65742577732501, 0.6678962867565296 44.65432957011566))",2022,102683.09,210.0,0.06287529913640114
35,212200570,22057,2023.0,0.9490427534618147,94.9%,4758.96,5030.46,2868.79,2975.53,5697.75,3191.23,4038.36,184.2,Le Faouët,22,"POLYGON ((-3.0542945266365784 48.67055673638, -3.059117054393897 48.673217577049115, -3.066311799742085 48.675176066580306, -3.071175018899994 48.67395926001992, -3.073052203457214 48.67153838119732, -3.073009110466551 48.66779459752555, -3.0741127625517914 48.666317363547904, -3.0826283445168063 48.6661406476113, -3.0914212155153455 48.667499217104705, -3.0982262754616268 48.667796485169376, -3.100499675553804 48.67045720823713, -3.101025049771865 48.67747030219328, -3.0999444364053494 48.68081964210455, -3.096694731662174 48.68324670371019, -3.0831317264771076 48.687299174691574, -3.0724057947131316 48.68791146027441, -3.0689293339345523 48.69009089242643, -3.066698273603446 48.69285258172769, -3.058162705482566 48.693739369119676, -3.058264311032365 48.688696660870654, -3.0550306902295206 48.68705285390538, -3.049709365438158 48.6868713555142, -3.0454251158185177 48.68547445244657, -3.043966873211002 48.680511009060915, -3.0442102029031974 48.677527805813305, -3.0485193953448597 48.6757588455234, -3.0542945266365784 48.67055673638))",2022,236299.44,411.0,0.017090010877723622
36,215504630,55463,2022.0,0.9483914036896568,94.8%,6728.54,6213.3,6178.98,6028.08,18993.55,21092.02,1848.74,220.02,Saint-Mihiel,55,"POLYGON ((5.629150324362511 48.875036911558475, 5.622193628359639 48.875447230219905, 5.61891533886346 48.87474599488155, 5.618697428226639 48.87236726281942, 5.611075953883083 48.86931286908849, 5.60276345514708 48.868141183449566, 5.593465813202953 48.87085539763814, 5.5883935991427505 48.87160940971513, 5.5784890450785145 48.872016504723135, 5.56864147587604 48.873581070916536, 5.56071234665018 48.874201932879, 5.555936992194938 48.87501261460134, 5.548283102024689 48.87524026386857, 5.5444332293525305 48.872874340099116, 5.529169080371328 48.870170349899006, 5.5246600066221525 48.87039440619035, 5.525853526204892 48.8706913012319, 5.5293960046246315 48.87686487662682, 5.529385366446797 48.878668758516945, 5.524408410602788 48.88547310117805, 5.515463955659158 48.88546816434538, 5.517907620538508 48.88722041822443, 5.524595657717431 48.88933408989284, 5.528702197078394 48.89697725868986, 5.532336775756611 48.90095859004945, 5.535470301927041 48.90069902838984, 5.539581942273993 48.90235109723034, 5.542388661516866 48.903451006298475, 5.551586288424682 48.90454366384637, 5.55830006427696 48.90710585517474, 5.563363579299863 48.9100895070071, 5.566256757615366 48.91092935656398, 5.567948749982351 48.90934711545465, 5.575133329924193 48.91344425746726, 5.583470047890586 48.91893326898692, 5.589742980695943 48.92047259956975, 5.5956836362484035 48.91731646903281, 5.607902916640489 48.91582711355397, 5.615777533231088 48.912048057191996, 5.620033831875919 48.90673724434799, 5.626327441286597 48.904795686039016, 5.632381268522958 48.903954153918555, 5.636121354839989 48.898203101811504, 5.636275814583962 48.895429724109995, 5.634096827795848 48.89122608746981, 5.628797116081883 48.88361238260204, 5.629013663586581 48.88206157772911, 5.634187738251559 48.881368038063044, 5.629150324362511 48.875036911558475))",2021,3144064.7,4146.0,0.00670851970698949
37,214202111,42211,2023.0,0.9471378338708717,94.7%,4109.04,3567.0,3735.42,3840.27,5281.44,5294.01,9135.97,381.4,Saint-Cyprien,42,"POLYGON ((4.253486606229293 45.55065636700141, 4.249927643271081 45.54843938200831, 4.2444506568506855 45.547146195040774, 4.240488450459739 45.54338598686753, 4.240541843083436 45.54164457628094, 4.243240198812692 45.5384554831543, 4.248670790257574 45.533624116546996, 4.249731826199371 45.531549121652134, 4.248852815660835 45.525304836014364, 4.243718518765044 45.52684472155176, 4.226836974716709 45.52728826323974, 4.218006300499331 45.528673850284555, 4.213380185237117 45.53239895651672, 4.2149533400665415 45.532575377525035, 4.212826422871293 45.54085109042241, 4.213578289860821 45.54567856106095, 4.215939281194522 45.552293920583686, 4.219173163885644 45.556578687445516, 4.2307357939511485 45.557419787315446, 4.231870952061893 45.55031511976153, 4.242758790586701 45.5499373408719, 4.2520356864770505 45.55183309277322, 4.253486606229293 45.55065636700141))",2022,1235607.48,2482.0,0.007393909593360506
38,219106499,91649,2018.0,0.9465906977635017,94.7%,36142.44,33995.03,4556.38,4175.94,278.5,805.47,856.45,565.24,Vert-le-Petit,91,"POLYGON ((2.374411923010135 48.54598039910568, 2.373431463201347 48.53818238155942, 2.372178289432559 48.53688769107617, 2.362248450224159 48.53490271956405, 2.3576386184994793 48.536810028895445, 2.3517168510887143 48.542187828446764, 2.345160801208335 48.551361636466886, 2.342799628778126 48.55282989204391, 2.3475256691419464 48.55742854395354, 2.3521692384058652 48.56086728514024, 2.3577284150542885 48.56134825038422, 2.361787983188561 48.564719042714984, 2.3773484661727555 48.56171017490606, 2.3831515842131394 48.566377392636745, 2.3861738015627694 48.56677943867512, 2.3879013363550468 48.560992110318374, 2.3907736864719418 48.55746470318867, 2.382127996846863 48.55381353927164, 2.3757430331320593 48.548949953760015, 2.374411923010135 48.54598039910568))",2017,3229800.53,2820.0,0.010525427091932516
39,215500596,55059,2023.0,0.9464093575370518,94.6%,325.25,3835.0,4062.0,4431.0,4651.5,9136.0,5269.5,386.0,Bonnet,55,"POLYGON ((5.475265745787253 48.53197210365612, 5.472791484529507 48.52918851538963, 5.473039230202253 48.524093063893766, 5.472326285820402 48.523463556215, 5.474091573373961 48.5174344094875, 5.471000604813326 48.50983099664892, 5.46610633351569 48.5053578152767, 5.460608257911264 48.50463417567517, 5.4549767053339115 48.50313982484246, 5.4505860714041 48.505227962731894, 5.447411039178689 48.502007252596904, 5.4434371443484375 48.50047819808972, 5.437340122383103 48.49944364280069, 5.428933931573774 48.499100368053135, 5.424656497338553 48.49731916696767, 5.423289008036934 48.49728264120707, 5.418567547897716 48.50279134397347, 5.408961909013298 48.50820565528711, 5.404155454084479 48.50978498806993, 5.39632894811034 48.513615791260236, 5.391515746362689 48.51506585912115, 5.389408165956715 48.51807215909938, 5.387369085219787 48.52687592397227, 5.381388930726263 48.530604081963325, 5.369996872714966 48.53340904473707, 5.368021337882651 48.53505919756993, 5.369541072629077 48.538443755354805, 5.380294991755607 48.54306123304428, 5.381845004123981 48.54708933423368, 5.385488984330778 48.54991566146713, 5.38887072869856 48.55126524102196, 5.3948281857576115 48.55127425972444, 5.412854209527926 48.55039436852739, 5.42235834243591 48.54685066562063, 5.428769395978486 48.544013721316176, 5.439809375441151 48.54204798368697, 5.447050321094902 48.54028833261305, 5.456656897587721 48.53693296543365, 5.46335371261735 48.536085601164594, 5.467886377086995 48.53489620717556, 5.475265745787253 48.53197210365612))",2022,289529.08,199.0,0.018200244341604648
40,210205654,02588,2023.0,0.9430882345479178,94.3%,1385.9,1291.36,1087.69,1367.69,1376.37,1404.78,2536.76,112.16,Pargnan,02,"POLYGON ((3.6901386459807832 49.401290258731805, 3.70424683092058 49.402624715229365, 3.705795566475676 49.39978418231415, 3.7087383634469546 49.397321577725975, 3.7128864668889836 49.39594579636444, 3.71533358892074 49.393550291005226, 3.7164578200357243 49.3887814982461, 3.7163013956189968 49.3846637978638, 3.7103511764351866 49.38476324418996, 3.707607553588731 49.387224760772945, 3.712268594632518 49.387133049799175, 3.7116115768399505 49.38983975925785, 3.707138969354241 49.38922245570523, 3.698060025962123 49.38541398847773, 3.6936281843394068 49.395156808203204, 3.6901386459807832 49.401290258731805))",2022,48762.45,70.0,0.052022816737058955
41,217203314,72331,2023.0,0.9428912714092327,94.3%,6240.0,6467.0,6786.0,7869.0,8768.0,5530.19,7847.8,382.0,Sceaux-sur-Huisne,72,"POLYGON ((0.5650811456064514 48.11289461262578, 0.5704710678913124 48.11783975881994, 0.5759276563284511 48.11924113022506, 0.5794590453091244 48.116155537831396, 0.5800077151790172 48.114748854792914, 0.5841040252655413 48.11412390478508, 0.5875401274270018 48.117352423560725, 0.5909855328175746 48.11826075450127, 0.6036299738610149 48.11922742710871, 0.6153306070685193 48.113212912665794, 0.6141250563990461 48.11202839198714, 0.6056187461530055 48.10953564726221, 0.6030619243006037 48.10825909440194, 0.597760820194569 48.10344616389583, 0.5969660889064818 48.099627273536235, 0.5985513895980077 48.094567842105945, 0.5975779264494381 48.09042302493595, 0.5952477652085557 48.08631495411093, 0.5908227168272585 48.08358196822281, 0.5863567245122422 48.08387727411283, 0.5821787181043174 48.07998884212427, 0.5753841023178303 48.07830229510857, 0.569725601773351 48.07928140655964, 0.5746216334883116 48.08859918657881, 0.567855698909651 48.092584738117274, 0.5663960208758189 48.092747959674206, 0.5528241958840164 48.091048882217976, 0.5429691695360993 48.09271295276021, 0.5431875293615747 48.09426440297094, 0.5469697691905211 48.096212365045325, 0.5524871730320592 48.10251463447029, 0.5570085660585482 48.10525103065317, 0.5637437453321323 48.10829083038604, 0.5650811456064514 48.11289461262578))",2022,516912.89,590.0,0.015182055142792047
42,216601013,66101,2023.0,0.9415471864662428,94.2%,13943.0,7777.83,7988.46,8204.47,8388.03,8696.51,9973.25,545.65,Llupia,66,"POLYGON ((2.7888831237907783 42.616519163613674, 2.7874765664049046 42.617481835287855, 2.7726760454975716 42.6124953766163, 2.7636466979092695 42.61196088555116, 2.763908704848945 42.61221891909641, 2.7628321637657063 42.61820237366534, 2.7614127597897853 42.62218979340365, 2.7618391600740595 42.62515150530905, 2.765861862238728 42.62805679437001, 2.7795995481690943 42.63664652091053, 2.785205579652445 42.63884634406252, 2.790190301889941 42.643168720222306, 2.7948540384664895 42.63918711300388, 2.79934790423775 42.63340278167314, 2.7997986366379917 42.62986356324087, 2.80236906194418 42.62195152063108, 2.8039528220999115 42.62040969733353, 2.8015907278769907 42.61873187522814, 2.7947556338699404 42.61730296542078, 2.7888831237907783 42.616519163613674))",2022,1412825.52,2116.0,0.0070590811524978685
43,213200876,32087,2023.0,0.9411237235651762,94.1%,1980.5,2072.67,2169.46,2268.03,2295.95,2353.29,2419.77,140.51,Castex-d'Armagnac,32,"POLYGON ((-0.1590461058147575 43.84608966041961, -0.1676955325782463 43.84848236305028, -0.1712219897812526 43.85063662397803, -0.1779248658535063 43.858307954433705, -0.1784692854084509 43.86164501662063, -0.1810730680157334 43.86492204774041, -0.1850628586401059 43.86570833853773, -0.1856683148589592 43.866915775149195, -0.1899784117434352 43.87343127187047, -0.194114473845095 43.88162824589031, -0.2012380335582587 43.88548178171021, -0.1971041461972134 43.88695708229621, -0.1922273899547898 43.88477854678246, -0.1865847607644168 43.88494347685039, -0.178591976153157 43.88801373729715, -0.1742997201493673 43.88826764040803, -0.1675389567413584 43.887690333283054, -0.1617216499056095 43.88308753285866, -0.1504259964434864 43.87509643558088, -0.1349463226743034 43.86761149073472, -0.1364955347768052 43.86479439464877, -0.1365849201665951 43.85989149055415, -0.1374519118069022 43.85935073118498, -0.1423855977491193 43.86101409056977, -0.1461750959773413 43.85980871965023, -0.1503737381235606 43.85627017651927, -0.1522053365409208 43.85209064634763, -0.1547307901920322 43.849116102230724, -0.1590461058147575 43.84608966041961))",2022,90570.48,125.0,0.02671698328197002
44,218300580,83058,2017.0,0.9383672911478816,93.8%,134467.12,6600.57,6923.97,7263.21,7619.08,7222.28,7648.28,14735.62,Flayosc,83,"POLYGON ((6.352546843607472 43.583942810082135, 6.354900777582402 43.58451482722482, 6.3625383327116705 43.58234431329245, 6.377159802161672 43.57602326980192, 6.383409980182684 43.57305623360311, 6.3901108319310715 43.57168660579909, 6.3972623926920615 43.564370802023475, 6.400307116279147 43.55853723574385, 6.3976080645476205 43.55514018506375, 6.398117444280984 43.54867685824471, 6.403679321753523 43.544698563976425, 6.405965824140496 43.54114522701394, 6.409553461067228 43.53097466991011, 6.408958976129539 43.52396579647474, 6.409323701889929 43.522600401375094, 6.408031622217013 43.51735425659302, 6.4038951525891274 43.51374478776468, 6.405577897801804 43.50904995322824, 6.407195790005139 43.50777415283393, 6.404812605828408 43.50365834826241, 6.401668462133701 43.503241274676036, 6.390575468799597 43.50707022753956, 6.374511317060182 43.515823706204195, 6.371273969005951 43.51534416355516, 6.3680086625487835 43.51286679463344, 6.363800327067437 43.51254613451692, 6.353780881934163 43.51498402706381, 6.346551873516249 43.516367837110714, 6.332221614903838 43.51674467179411, 6.326459923939217 43.517308387689326, 6.323001769515606 43.522249639396684, 6.313446427026417 43.52815085939876, 6.312215407815935 43.53154088799643, 6.30789839826764 43.53554081717104, 6.305728592112133 43.536574010975556, 6.309589799626303 43.54322563848178, 6.314660943122399 43.54610093089138, 6.319984510140957 43.547163099713586, 6.321947666130698 43.55026208541232, 6.322765036998465 43.55513686585501, 6.32575383174378 43.562072699203405, 6.338467855253889 43.56439014816532, 6.344356175510687 43.575104733256765, 6.346522286529968 43.578583990735815, 6.352546843607472 43.583942810082135))",2016,,,
45,213805484,38548,2019.0,0.9383226370231197,93.8%,49221.37,46997.44,36585.9,2326.0,2432.0,2538.0,2678.0,2914.0,Villard-de-Lans,38,"POLYGON ((5.465214044840541 45.04359564995667, 5.464858956271548 45.04592522866152, 5.466208523638547 45.05369891065407, 5.471897828835559 45.06227926723259, 5.474818399307141 45.07034050075752, 5.477274265514659 45.07202722184766, 5.484834155284528 45.073148712295506, 5.48886290583209 45.07312327026158, 5.494206646878255 45.0717783809076, 5.497042986122268 45.07171483914798, 5.513913205310359 45.068046219782694, 5.516078288037025 45.06935170744047, 5.510735304605177 45.07069764473197, 5.50410040354218 45.0738781905024, 5.500579418819636 45.07911676784992, 5.502449267391011 45.08610460359282, 5.501546328409896 45.08844665545247, 5.496942540158382 45.0920325738301, 5.493154154863353 45.09953417268492, 5.503612795235466 45.0998156781703, 5.508634028679747 45.101444114544705, 5.5145043537206195 45.10156980900152, 5.519607515696997 45.100938606255355, 5.527860806905301 45.10107419538551, 5.539292569129867 45.09855700439125, 5.5402994763963935 45.09853405822444, 5.569622742879143 45.09257317132189, 5.592498908463837 45.087980054059905, 5.613547149265251 45.083554046357825, 5.608449045833388 45.076385410700844, 5.605636411465318 45.06909865102243, 5.600785110533478 45.06127901180414, 5.598323418117436 45.055596335968026, 5.594495899420369 45.04414085536919, 5.591308900754878 45.03067105412446, 5.589324470509401 45.02536413757427, 5.585797559130296 45.018351689199655, 5.5824639529654885 45.01352749545577, 5.579761737375759 45.0084951015432, 5.579374186389342 45.00405396792141, 5.575529297584844 45.00001540175949, 5.57173922960142 45.0031343024419, 5.567058343310059 45.00479025781071, 5.563771507506069 45.00493053572952, 5.557963714845786 45.01196505797435, 5.553708373557406 45.01896364592155, 5.549850806878597 45.02266375456028, 5.547231013250308 45.02743180015977, 5.5438721782489795 45.0360863120244, 5.543915449955906 45.039052050696455, 5.5422922373082075 45.04160439786565, 5.529741091772734 45.05149986799626, 5.52608719398955 45.05371111221315, 5.514971950363872 45.05493009417497, 5.5067563429894735 45.05343849730131, 5.501361395996582 45.04949673472371, 5.499468279293673 45.04605661687373, 5.499793435052901 45.034892033007424, 5.4985817774381935 45.034403291127724, 5.485358154607939 45.03547320616867, 5.484875133296854 45.03283979676983, 5.486249320416231 45.03080984770427, 5.4859319777398525 45.027785791107036, 5.483603411724227 45.02274287931713, 5.47601854897314 45.02504010746022, 5.478477755860862 45.03304690372598, 5.477443307574766 45.03448875995386, 5.465214044840541 45.04359564995667))",2018,10937926.44,4402.0,0.0033448661591108674
46,210700480,07048,2023.0,0.9358742800886669,93.6%,10767.75,12655.2,11949.91,11845.0,12275.33,12022.99,19546.87,1012.22,Chalencon,07,"POLYGON ((4.552494258985343 44.86412940116641, 4.554755847834948 44.86674101474935, 4.552495421593382 44.8707697797022, 4.547994291254838 44.872960132762806, 4.536414271028176 44.87653787093997, 4.531349186439449 44.88150753992732, 4.533475257754422 44.882509719103695, 4.532647573555553 44.88561569919025, 4.539240409320663 44.89641996922573, 4.543657019507739 44.897712555987496, 4.5480276093692975 44.897329381383244, 4.558657686964602 44.892280972105574, 4.561337214307306 44.890180282480806, 4.564828565116022 44.887745739068976, 4.581183198619205 44.88519315584855, 4.585806180647236 44.884095707049035, 4.585282754929759 44.8817177642514, 4.579971696153457 44.874572757283296, 4.581088335946007 44.87210698594157, 4.579338017914345 44.868263676246485, 4.576185069640394 44.86643884627565, 4.568512686968797 44.86609621780786, 4.565891143481089 44.86368336417206, 4.554473554564248 44.86313465705497, 4.552494258985343 44.86412940116641))",2022,322293.89,343.0,0.060649210569893204
47,218002897,80302,2023.0,0.934824934258576,93.5%,2460.05,2519.93,2357.67,2411.24,2787.97,2555.17,2688.86,170.89,Faverolles,80,"POLYGON ((2.6122251415189717 49.63394800213308, 2.6058348940658984 49.63540713345627, 2.598137914308713 49.638212625558666, 2.590169320508355 49.63747835437654, 2.5921510868487614 49.63896469548481, 2.587148463525994 49.64126382377481, 2.5882346561064167 49.642554177580394, 2.5931039834387017 49.64450057110851, 2.5969671307512368 49.6476657625667, 2.5997285003466293 49.65153485762794, 2.603111965453465 49.652382271722516, 2.6070202157803597 49.64982165215074, 2.6124950091012344 49.65099721049284, 2.6156739352165657 49.65255128238288, 2.6168545431065806 49.654677981383536, 2.6251159184211974 49.656698028901054, 2.6313120865709463 49.65478699874763, 2.6357588409346033 49.66046162819365, 2.6429898829378833 49.653149194537875, 2.649006248478048 49.648213093003235, 2.6464247505676046 49.64666162540109, 2.6436489433060606 49.6444018664059, 2.6355959641821114 49.64129000322557, 2.6218708409222473 49.637002077573484, 2.617215363713726 49.63306314024802, 2.6122251415189717 49.63394800213308))",2022,192924.3,173.0,0.013937383730302509
48,216405092,64509,2023.0,0.9347629846865281,93.5%,2444.43,2970.63,3112.39,3117.1,3243.94,3305.55,3463.0,220.78,Sauguis-Saint-Étienne,64,"POLYGON ((-0.849419099089333 43.16289884110854, -0.846027542745779 43.157217492568925, -0.8496285728139039 43.151415458443026, -0.8582821373579141 43.1536203620708, -0.8683747968582113 43.15216252392749, -0.8724475318006016 43.14814793358732, -0.8759377595528077 43.146023819272, -0.8814562277305248 43.14376206908985, -0.8831350363748975 43.14105823052623, -0.88453612576017 43.14081430917771, -0.8919572992308893 43.14576874638255, -0.8966124459855316 43.14779257236693, -0.9002376180888354 43.15030480813525, -0.9017559577957471 43.15573006628666, -0.9014123501794649 43.15851486365471, -0.8992701346659046 43.16091343669417, -0.8929680218103161 43.163397823833165, -0.8878202516590807 43.161971803281645, -0.8845385030261752 43.16325064718403, -0.8792469694548479 43.16627803724638, -0.8731375092450032 43.16901218283222, -0.8703705518493168 43.16872473102333, -0.8583050710210067 43.17386376380879, -0.8538843794537819 43.17801918843022, -0.853472311080114 43.17184456353898, -0.854976397630994 43.16914742344833, -0.849419099089333 43.16289884110854))",2022,119439.77,179.0,0.02899369280433142
49,216404715,64471,2023.0,0.9327898486716394,93.3%,7800.79,4981.72,6072.74,4993.04,4916.05,5042.36,5429.57,351.91,Saint-Boès,64,"POLYGON ((-0.82564112730594 43.51309560327213, -0.8292361750983628 43.521545624668924, -0.8228667632634151 43.52499479741406, -0.8213138032330493 43.53381997832549, -0.8184740581401997 43.53940154664103, -0.8157921833035059 43.5406567311249, -0.8155062613403311 43.544407146544806, -0.8134793638481742 43.55015346199585, -0.8024748331872532 43.54834713855714, -0.8031053791967201 43.545745488881536, -0.8007183132212841 43.54337859489028, -0.7943307296913583 43.541216169200105, -0.7912407440245839 43.539002657657825, -0.7870280439618839 43.537344178519895, -0.7811459346031066 43.536066197529856, -0.7815696662474172 43.53302052491914, -0.7892516935711995 43.52914109303207, -0.7874121749105278 43.524239849434565, -0.7867930363917124 43.51890906683151, -0.788644142623148 43.517232231250375, -0.7931475206623653 43.51791310134281, -0.8073461875348668 43.51419105819374, -0.8108866727118893 43.51245447916448, -0.8226156883739607 43.51184807868152, -0.82564112730594 43.51309560327213))",2022,176561.87,373.0,0.030751656628919936
50,216001016,60101,2023.0,0.9322254451100351,93.2%,7225.32,7427.76,6551.96,6897.15,6895.72,7002.72,5846.35,435.42,Brégy,60,"POLYGON ((2.870901864938198 49.10771392661528, 2.8784037254595427 49.10611250923154, 2.8888589153174915 49.10721690578413, 2.898630096514508 49.1051657157776, 2.89932492595165 49.10297773348172, 2.901991641155704 49.101306323984254, 2.9060412958759194 49.09847728313666, 2.904372344432021 49.09416317283447, 2.8960995308919384 49.08797674959674, 2.901331492508674 49.0853419594869, 2.8995597611986477 49.083602480198756, 2.8949382410615945 49.07703267953798, 2.8874392808863845 49.07947199735162, 2.8816305278930114 49.07553976984728, 2.873357739596543 49.0716690462218, 2.8694171997141833 49.07044176718953, 2.8612338700221835 49.070625712229685, 2.8561086990001745 49.07010471121881, 2.852543816407701 49.07563634806334, 2.8450228722296 49.084831961176505, 2.8441279821267207 49.08727689430642, 2.8450970716233357 49.09300712440661, 2.847361605220655 49.09436179699579, 2.848242525446622 49.09668023894669, 2.853370790243074 49.09700845229091, 2.8529703950839593 49.099067804209646, 2.855132797257113 49.10183833314215, 2.870013772455925 49.1077773394643, 2.870901864938198 49.10771392661528))",2022,346893.43,666.0,0.01685344689289734
51,210200259,02025,2023.0,0.932207842887252,93.2%,2842.52,2972.3,3104.06,3236.48,3387.17,3467.05,6885.77,350.92,Artemps,02,"POLYGON ((3.2071365744889824 49.75050398300059, 3.2035443450447203 49.75153923026103, 3.1937580486005537 49.75258437508696, 3.1847777869781604 49.75562156750647, 3.1735935509475075 49.75724611494317, 3.1689978502210874 49.757316897814405, 3.165415811082385 49.76188881085531, 3.1690222914708497 49.76471410419917, 3.1754204059442155 49.765541270980926, 3.1792185461383395 49.7657930403086, 3.190325850055041 49.769892899169854, 3.1977385068766595 49.774383713925744, 3.214901388949133 49.767793710714535, 3.2227786133841523 49.76379150905302, 3.2258765340818347 49.76385013185807, 3.2259710585870223 49.762627804962015, 3.222860319924403 49.75961030718832, 3.215042022727915 49.75370651989885, 3.2071365744889824 49.75050398300059))",2022,171504.57,369.0,0.04014919252589013
52,217601152,76115,2022.0,0.9322033898305084,93.2%,1223.0,1238.0,514.0,721.0,906.0,2457.0,110.0,118.0,Bolleville,76,"POLYGON ((0.5755776777208592 49.58515154562513, 0.570908018891753 49.58698922732175, 0.5651137676304817 49.58732374015642, 0.5580300079364969 49.58544355522364, 0.5573930437100861 49.5862675208828, 0.5530318488652153 49.58997738903088, 0.5506977592310779 49.592955594471285, 0.5484641795390516 49.59799552302771, 0.5452784763626677 49.59793117340236, 0.5439350351025681 49.59893388335648, 0.5452026609757891 49.60159855212362, 0.5446874750074727 49.60403407101643, 0.5385099587390442 49.60815722917472, 0.5425996023015731 49.61017102039057, 0.539390208444028 49.61474041097359, 0.5402741428118031 49.61501577458689, 0.5410859699282512 49.620953846488845, 0.5409398283568861 49.628159785404605, 0.5422532727162861 49.62780016768238, 0.5519053205089711 49.62194470245265, 0.5478709243818645 49.62083350678491, 0.548959100406438 49.61892450453639, 0.556958848651453 49.620501656331456, 0.5582826046756637 49.61782493148472, 0.5634045878949641 49.61702664967139, 0.5695516695310803 49.61142127481701, 0.573242227599282 49.61136632534664, 0.5777519351547064 49.606628928411325, 0.5931101408326153 49.608543348490095, 0.5939850794606502 49.602639082190535, 0.5918972529752148 49.60253334012486, 0.5893178110105614 49.60016500794673, 0.584130093996446 49.59182305770525, 0.5849028899940446 49.58810516834631, 0.581292818722453 49.58648850472531, 0.5755776777208592 49.58515154562513))",2021,315860.98,581.0,0.007778738608358653
53,213900145,39014,2023.0,0.9307332293291731,93.1%,3390.0,3476.0,3421.5,3743.0,3765.0,4185.0,8635.0,444.0,Archelange,39,"POLYGON ((5.504051053927634 47.15345716571494, 5.511905454175965 47.152577578514354, 5.52008543446497 47.150529598104576, 5.523536634370955 47.15516192725197, 5.523738938194135 47.15947813335359, 5.51979091025869 47.162530548201055, 5.5200654342835165 47.164330195542156, 5.527656821665813 47.17403111153651, 5.529156676778816 47.173546945832264, 5.527508149193002 47.16681185630768, 5.530748327536471 47.16287184445264, 5.53277677560544 47.15947414812981, 5.530341943788081 47.15017678557812, 5.5331402460755035 47.144956571932056, 5.532512884686961 47.137683224910376, 5.5292883167719 47.1338200365232, 5.523688088187087 47.132007733669354, 5.520583437921934 47.136783003040584, 5.511146485714109 47.13834247121486, 5.505826307433207 47.13845783545348, 5.506549224113791 47.1417310005839, 5.504485982672385 47.14235606494534, 5.5032756085997425 47.144961725971974, 5.504051053927634 47.15345716571494))",2022,141198.59,222.0,0.06115500161864223
54,212402051,24205,2023.0,0.9298420812981206,93.0%,6096.67,6038.12,6635.3,5996.31,6050.42,12438.92,6887.48,677.95,Grignols,24,"POLYGON ((0.536207207135129 45.113085730040254, 0.5432453576271242 45.11143524980817, 0.5481529292433982 45.11238170352662, 0.5552835338264819 45.1169883064934, 0.5611199794529597 45.11556831068236, 0.5625801162633327 45.10940895621071, 0.5674272310910866 45.10332356870913, 0.5618776717097808 45.10030015668113, 0.5603889095060035 45.09871976165474, 0.5643049014320339 45.09506485834744, 0.5651616968342384 45.09011768216756, 0.5633558701502978 45.08530579144511, 0.567345546168802 45.07571917453622, 0.5681541565948668 45.07186731980396, 0.5659648567212782 45.069562293025356, 0.5629018041199088 45.06839896054495, 0.5541356926208831 45.06362789351051, 0.5454098616268693 45.06214609764605, 0.5285665541364328 45.06409536613461, 0.5282998687008866 45.059768443149345, 0.531726098794686 45.05474952335753, 0.5278353106873197 45.05163207450743, 0.5228506920477793 45.052553186345385, 0.5193836297252071 45.05228253188716, 0.5138760777263928 45.048483622661024, 0.5059959962875237 45.050693648700175, 0.5054606869966879 45.05448674806307, 0.51114809397176 45.06041836777011, 0.5174171051476455 45.061525673809484, 0.5217196053047595 45.06362076827255, 0.5248504790135969 45.067366474158455, 0.5151409089076452 45.075663389446284, 0.5131905601913064 45.07832858754612, 0.5118803795596445 45.08307184328204, 0.5140049650911779 45.086795388689296, 0.5164416138341984 45.0896874321485, 0.5181520129041418 45.094498049024025, 0.5155403514975118 45.09760003836807, 0.5162639532225747 45.10193723452169, 0.5179546729673384 45.10307128815858, 0.5307143381689569 45.10464455962417, 0.536207207135129 45.113085730040254))",2022,283998.46,675.0,0.024251821647201886
55,218004372,80459,2023.0,0.9277329210330412,92.8%,678.91,693.56,1318.86,1352.44,1200.33,1667.87,3571.03,189.3,Laleu,80,"POLYGON ((1.9324681095416831 49.94842800169521, 1.9423875465729796 49.94890002775393, 1.945706892508133 49.94359053793362, 1.9483125284163318 49.9436772778636, 1.9489592339126995 49.941496120547626, 1.9448590770854994 49.94094630615103, 1.9379838547649535 49.938828723516856, 1.9293600214400997 49.934058500023994, 1.9255857500023594 49.93711257381592, 1.9258973172599008 49.94136014288415, 1.9279744327008606 49.942728984312836, 1.9324681095416831 49.94842800169521))",2022,57055.74,108.0,0.06258844421262436
56,216403576,64357,2023.0,0.9274728208474853,92.7%,2115.08,1965.39,1213.49,162.08,1252.66,1332.82,2712.56,146.7,Lucarré,64,"POLYGON ((-0.0692647914917741 43.41157345027566, -0.0736853268329904 43.40938543067266, -0.0740320705397022 43.404219093943645, -0.079994012961427 43.39760401349714, -0.0857010732805084 43.38957784053244, -0.0889728516398952 43.38922667764794, -0.0900740286201652 43.39151565087494, -0.0904669348812286 43.39717656496856, -0.0966953366762858 43.3988677756039, -0.1032168996373835 43.39939001459985, -0.1044756409809194 43.40128762193199, -0.0984997074245526 43.404294952589545, -0.0924250492358506 43.408787268760605, -0.0894083034209318 43.408937861770845, -0.0829521301578322 43.41131344358683, -0.0776372140446049 43.41507423791433, -0.0746263937327969 43.41367728442821, -0.071404183143914 43.413317551815474, -0.0692647914917741 43.41157345027566))",2022,67166.15,63.0,0.040385819345012335
57,213503055,35305,2023.0,0.926727561556791,92.7%,3496.41,3487.67,3720.16,4270.21,4282.11,1740.56,7827.84,350.55,Saint-Péran,35,"POLYGON ((-2.091445270817707 48.07399901618813, -2.085749963986729 48.074245329095476, -2.0788629967225707 48.073187107995835, -2.0722985120988975 48.07043611304415, -2.0647961999185664 48.06901628817118, -2.0623378627212414 48.07067144860559, -2.0549052853155856 48.07099101744987, -2.04862574653435 48.068161965732486, -2.0452223366817712 48.06398273190891, -2.044338115881173 48.061825752499516, -2.044057552899136 48.05990110640472, -2.0395688931346485 48.051443010624325, -2.03838490372892 48.04613558185152, -2.047579742138042 48.045031153239485, -2.0517529726708954 48.045110177996015, -2.0574126479253727 48.043511205286066, -2.0587306399516527 48.04209880747397, -2.0645396229840047 48.040041137761854, -2.070260011745835 48.039084469079086, -2.076044177218038 48.03980328020232, -2.0768737684782526 48.04138142500894, -2.0736272912127633 48.045911504865444, -2.074208949917993 48.049953562869014, -2.08386249335327 48.05160251986011, -2.0868524553350816 48.0534745474913, -2.088348190913131 48.05592762649214, -2.088131782616315 48.058712997711226, -2.085717952022651 48.06081869073919, -2.0839150073921444 48.06625493050272, -2.0848541379981427 48.06795740190472, -2.091445270817707 48.07399901618813))",2022,222003.98,426.0,0.03525990840344394
58,215105768,51623,2023.0,0.9263895623044034,92.6%,2596.3,2608.9,2711.2,2832.8,2796.2,2859.9,6214.9,334.0,Ville-en-Selve,51,"POLYGON ((4.053927537323462 49.13548107105437, 4.066053440963776 49.13466614832055, 4.075518077768377 49.134066936768136, 4.079971656200201 49.134606410456506, 4.090682635735511 49.13225671849242, 4.095191378625555 49.13073516272514, 4.096707200291481 49.13239507985367, 4.093323440061178 49.135773311434896, 4.08811785397096 49.13704359401347, 4.090507301676864 49.14268682375849, 4.095159211700793 49.14322394165348, 4.098198978315311 49.14223064272287, 4.097966079281698 49.14055905958438, 4.094771924731777 49.13891444910741, 4.097277014300211 49.13599482003449, 4.101306460157371 49.12585127644937, 4.10181234817583 49.121791047694984, 4.100666760995525 49.11896904530111, 4.096998803253059 49.113530677995804, 4.09669662045384 49.108576535369636, 4.087696381765759 49.10756388883144, 4.076891419804186 49.105150485965744, 4.073070904457124 49.10647214450754, 4.067961911231021 49.11231137998584, 4.060345509564417 49.116241248085124, 4.059356213544166 49.116121215732775, 4.060556123599353 49.12171121519867, 4.058378566887233 49.126236576790916, 4.053008405230115 49.12911614412169, 4.053927537323462 49.13548107105437))",2022,90353.83,327.0,0.06878402387591095
59,213800618,38061,2022.0,0.9263821273975568,92.6%,43961.7,42271.84,40458.31,46964.81,43806.92,48114.78,2656.35,4110.73,La Buisse,38,"POLYGON ((5.600357508565764 45.347596206073646, 5.607743206295189 45.348069395354216, 5.61242812954149 45.349830669023206, 5.616710270752944 45.348892148978784, 5.622593481149729 45.34481993354739, 5.628677292624684 45.34306470667356, 5.633965916773816 45.3459074196373, 5.636169425398461 45.34579104608675, 5.643301081818817 45.34284931297284, 5.648087752799274 45.33706006125624, 5.649236555379578 45.3283252145885, 5.647643432490572 45.32191281583915, 5.641633656199946 45.31741080715884, 5.624870365357305 45.31503184247281, 5.613501386409031 45.313879009713965, 5.611362533881742 45.315347954296534, 5.6066942017450145 45.31584382214038, 5.600449675685477 45.32198761419543, 5.600012580149741 45.32444876171038, 5.602092997121418 45.33155988341496, 5.603143101547934 45.340242956275446, 5.600357508565764 45.347596206073646))",2021,1708259.17,3257.0,0.02816597202870569
60,215700931,57093,2021.0,0.9258826980207634,92.6%,5231.38,5392.04,5133.58,5386.42,5511.89,129.26,538.01,544.36,Blies-Guersviller,57,"POLYGON ((7.090081086777458 49.132329766486684, 7.083205769170725 49.14165142600784, 7.080322603498798 49.1489680236493, 7.0820777583849095 49.15116430805449, 7.086030122692215 49.152383605664845, 7.091241297586481 49.15201309582054, 7.09516342035308 49.15284641225448, 7.098631453470116 49.15543531381138, 7.101443675841848 49.15598398466621, 7.10614671551302 49.15543680513476, 7.113229702324584 49.15248773632607, 7.112375963294907 49.15045440521316, 7.106100816052706 49.14738166567061, 7.103892561231591 49.14571678803851, 7.102871144630766 49.14156212994497, 7.10411044200486 49.1384904862437, 7.098933652380748 49.134284180532696, 7.097236227584842 49.13157049669695, 7.090081086777458 49.132329766486684))",2020,310021.01,656.0,0.017779085359408385
61,218804946,88494,2020.0,0.9256903502566004,92.6%,2055.0,2064.0,2128.0,2324.45,153.71,158.14,162.69,187.18,Vaubexy,88,"POLYGON ((6.217686179237582 48.27851122825737, 6.215071582120497 48.28025852481747, 6.219308071394584 48.28278644006509, 6.215232266321815 48.287667954323226, 6.214699481062369 48.29167942642098, 6.215994986983712 48.295383312759476, 6.220386158925472 48.29565063136545, 6.234837900444533 48.293515604672955, 6.242871485207992 48.294520490339856, 6.248530166730878 48.29326923017582, 6.2563855217003255 48.28667077090361, 6.254000156687669 48.28267488419769, 6.257049450924782 48.281688356421, 6.266445325677352 48.28117127653384, 6.263981049392674 48.279047363241666, 6.259503427411373 48.277365744070806, 6.2538165238951136 48.276555353303856, 6.249214633535138 48.27442549093333, 6.2485946119461655 48.272250569835315, 6.24588433395374 48.274001221017976, 6.24261350876537 48.27454226522946, 6.230474427041588 48.27468119061064, 6.22267497876107 48.275861084269806, 6.217686179237582 48.27851122825737))",2019,109932.23,125.0,0.021144390503130883
62,217402296,74229,2017.0,0.9249290757015467,92.5%,24139.42,1664.62,1621.93,2511.42,672.81,672.81,2508.06,3033.53,Saint-Cergues,74,"POLYGON ((6.354932730705219 46.229717160645755, 6.352330121101746 46.22082484019933, 6.3529997149402115 46.21648186560083, 6.342642703982532 46.21536730546845, 6.334185497534945 46.21626091499795, 6.3309561274484825 46.21545223162529, 6.323162806003249 46.21187335072555, 6.320276395307855 46.212086744830685, 6.314659554700864 46.21663833141658, 6.304139342356268 46.222106506112226, 6.303415456765152 46.22406326281058, 6.294594351424797 46.225158013601785, 6.29850403759976 46.22949680931434, 6.302776120005134 46.23517996624802, 6.308905651899815 46.242163969243656, 6.309586847915419 46.24569297859361, 6.309100301240506 46.248481671788255, 6.306713929055818 46.25235798528642, 6.308473538835833 46.255145882921575, 6.318552329189473 46.251561582898454, 6.325115389119067 46.25020849037599, 6.32922558851613 46.24853967664296, 6.33345571204853 46.24577026799096, 6.341380813012392 46.239149732885444, 6.345525922997836 46.23347868624633, 6.347153045105385 46.23407606087047, 6.354932730705219 46.229717160645755))",2016,,,
63,211600127,16012,2022.0,0.9245522172522623,92.5%,5755.99,5710.6,5968.63,5931.48,6402.23,6962.51,504.17,504.17,Angeac-Champagne,16,"POLYGON ((-0.3152014446719636 45.61963745560656, -0.3077622029562921 45.62211485088452, -0.3016389631557305 45.62184310955508, -0.3000226337953811 45.62111626307634, -0.2890444899976802 45.626341637165645, -0.282007814290857 45.627837650477666, -0.2797721976340143 45.633838991081035, -0.2745307251829608 45.637540454172125, -0.2693184911511677 45.63704681965723, -0.266389618167109 45.636035011995524, -0.266838729484474 45.6326667888143, -0.2561670817493872 45.633750470733716, -0.2474651434596974 45.63213087958328, -0.248128285003485 45.627659710087656, -0.2595479442126272 45.62829719278372, -0.261881554957102 45.6270681375338, -0.262134736692124 45.62351205642784, -0.2612821320349988 45.616890969361876, -0.2626018429570208 45.61259420665114, -0.2623413508153534 45.6066011785896, -0.2719424176371152 45.60470912345432, -0.2811803366940302 45.60450442789739, -0.2884140429665267 45.603260714075645, -0.292520394471312 45.59920460491406, -0.29671046658489 45.59656539178139, -0.3018078110444476 45.59518983916534, -0.3187986045592783 45.59165684927307, -0.3266638932191838 45.58864979167233, -0.3240761421757649 45.591758999544076, -0.3190356912927369 45.604877327508824, -0.3165628921762421 45.613015833126056, -0.3152014446719636 45.61963745560656))",2021,353989.77,516.0,0.0196686757360248
64,210601381,06138,2019.0,0.9225548594939466,92.3%,55378.6,57326.810000000005,43754.6,158.62,4207.42,3201.83,3312.93,8689.86,Théoule-sur-Mer,06,"POLYGON ((6.903672136017609 43.49496508295592, 6.912183877671274 43.50607303427054, 6.914148710578515 43.511354880249016, 6.921269957130475 43.515096011012744, 6.927570450180644 43.517254146851386, 6.932591578849002 43.51765256019131, 6.937021694902155 43.51723380311388, 6.937434774552609 43.51025361307039, 6.938298439301472 43.508545438662914, 6.9461572076195806 43.506131376311124, 6.953031887394584 43.50626783582942, 6.956092388579334 43.501512697331634, 6.956092991043575 43.49893297038151, 6.954777492598073 43.49665925216662, 6.951447548936973 43.49620028416967, 6.946514212522603 43.49186560798443, 6.947097836535253 43.48868425420772, 6.9486190840695965 43.48617814642042, 6.946339503040211 43.4841329713985, 6.942467501777908 43.48485434553939, 6.933986316936591 43.48464666879499, 6.930497908504204 43.483160993123285, 6.931157161569667 43.48107337224938, 6.933420082306305 43.48028184579003, 6.925485189883753 43.48153697760953, 6.9212937061834925 43.48149528107863, 6.9139806993549815 43.48272704872057, 6.912558806376598 43.48671229984425, 6.912119161640768 43.490726571803634, 6.908126977183411 43.49493350889451, 6.903672136017609 43.49496508295592))",2018,8329729.45,1554.0,0.00525282366764025
65,213002033,30203,2019.0,0.9193993576336756,91.9%,5698.06,5605.8,5783.34,440.49,443.34,443.86,460.86,506.38,Portes,30,"POLYGON ((4.024904823953578 44.28422116134533, 4.035942685783355 44.28553553468225, 4.037964517016345 44.282551863758464, 4.049926050447538 44.28011813121155, 4.052866201717518 44.27802767644109, 4.056105672635726 44.27748101251687, 4.059667563868488 44.274868816675635, 4.062994310892744 44.269358637786304, 4.064629028451801 44.265089275865456, 4.0644928588895235 44.262641593599874, 4.066505709758077 44.25450171898562, 4.0650260017292705 44.25258266151632, 4.058143608140022 44.24639782245169, 4.054263741234449 44.246370682828385, 4.039174623210626 44.2401987155875, 4.035771182923398 44.246482169094506, 4.03336857573329 44.24830930145708, 4.026470564899373 44.25101628509729, 4.021528761664482 44.2521579420748, 4.018248782497722 44.2503838911918, 4.018293872018277 44.252896887512804, 4.016492895016007 44.25813374336596, 4.014284594626955 44.26079646858889, 4.011765725218283 44.266297673816936, 4.006850882608991 44.26904958929243, 3.9980272235767034 44.27538143903422, 3.99723197748325 44.27635536419988, 4.001821074054929 44.27554026150167, 4.009899859911972 44.27301732745871, 4.016425367764989 44.26947702080702, 4.0190747020359145 44.271257002782164, 4.023983114225935 44.2781716848604, 4.025946011514741 44.281891334127835, 4.024904823953578 44.28422116134533))",2018,451263.36,367.0,0.012815886492535091
66,216201749,62174,2023.0,0.9184940035450444,91.8%,6507.41,6736.45,7676.14,7946.05,8308.41,14842.5,6471.76,868.62,Brêmes,62,"POLYGON ((1.962853685765492 50.8743027228941, 1.9648132049554847 50.86847394592794, 1.973588103702391 50.85897587545706, 1.9743278719020878 50.857761542631216, 1.97267532486335 50.85370128016662, 1.9681023744554744 50.8476898351885, 1.9594959254549915 50.83933212894914, 1.9591487303037438 50.83149257015106, 1.9620593766338774 50.82894741901769, 1.9590221824215623 50.82776585447791, 1.9532972184532587 50.82823180483848, 1.9507546669521159 50.82294308044345, 1.9477289144244063 50.821247429441556, 1.9402823815982233 50.821120107708815, 1.9378051228548245 50.82244798900299, 1.9398687599768583 50.826191258311944, 1.9429816520175744 50.82859441971539, 1.9454514159752103 50.83246946894234, 1.941384490708089 50.83654605766124, 1.9441430863976297 50.84125858380207, 1.9413587238337506 50.84258390152478, 1.944619910567464 50.84768603876006, 1.9445263421619101 50.85211736865092, 1.9461860291255486 50.85572846261026, 1.9509239022189568 50.858658876335966, 1.9517943320007458 50.860978566084555, 1.9504129836862374 50.863536246448604, 1.956259215895664 50.8721281122724, 1.962853685765492 50.8743027228941))",2022,703365.36,1303.0,0.009201135523648762
67,210102067,01206,2023.0,0.9181379155034297,91.8%,9424.37,6669.47,2937.71,3062.33,2960.11,3110.24,2484.78,229.01,Lantenay,01,"POLYGON ((5.560508461541032 46.048032132041826, 5.556396745470202 46.04380328867043, 5.552613193351182 46.03859938975832, 5.549016061898978 46.03539074667805, 5.545961791958263 46.0358464093655, 5.542561185234621 46.03888982843678, 5.535964922345788 46.047422808568776, 5.529175620176532 46.05383111838054, 5.524825475219814 46.05857216748056, 5.514345258491288 46.05977256783146, 5.514470303073688 46.06454286563259, 5.52407779240577 46.06665146485021, 5.527607333381248 46.068378885642126, 5.529592018068224 46.0709791875033, 5.531984404400066 46.07028078661275, 5.535751219681541 46.06703605202036, 5.548805596474816 46.06100272891327, 5.553075035012417 46.06058416830094, 5.557810419091663 46.05615580520646, 5.560508461541032 46.048032132041826))",2022,282694.0,283.0,0.00878964534089864
68,215103938,51425,2023.0,0.9174679679000721,91.7%,4252.28,2403.84,3429.76,1760.3,1701.99,1786.62,1972.89,155.14,Passy-Grigny,51,"POLYGON ((3.697930353402406 49.148693312031526, 3.702867929585234 49.141455199378804, 3.7079272484820964 49.14322789744724, 3.710023364241462 49.144889159543716, 3.7168648437208978 49.146972800593446, 3.715162442424131 49.145244950984186, 3.7193656722854294 49.14219452726785, 3.719140531986234 49.14020040741961, 3.709751787270472 49.132274251760315, 3.705786173683077 49.13101017007379, 3.701692421164269 49.127558106906584, 3.6994838137426886 49.12480302880754, 3.691903611638382 49.118860369036, 3.6945195764371013 49.11524050700998, 3.7043305528064367 49.111063682538784, 3.705340507966902 49.10552178619164, 3.700513562628308 49.106064974708396, 3.6942334389831593 49.108611891559875, 3.69210165485021 49.111520901056416, 3.6803069000659474 49.11499987254929, 3.674676041122611 49.11451661743561, 3.6716909621007314 49.11260218556637, 3.6656018374531465 49.11482465625708, 3.6618046923625434 49.11883660891577, 3.657151371764676 49.117639072350215, 3.647042354634458 49.11415346982471, 3.641630745621443 49.11540550698828, 3.646228170692192 49.120079966395494, 3.653198998626316 49.125063222784355, 3.6523796746856374 49.13053913777182, 3.6503231469273207 49.13183767026665, 3.6448977533012745 49.13212434945588, 3.6426970582918146 49.13773628867509, 3.6526573352236946 49.13691024765527, 3.665488142011257 49.13671123745929, 3.675531460992327 49.134724181677925, 3.6835717253388056 49.138090381738806, 3.689717651708801 49.13998640811879, 3.691413018085029 49.14126407368364, 3.697930353402406 49.148693312031526))",2022,232172.52,397.0,0.008497517277238496
69,214602898,46289,2017.0,0.9135043756336765,91.4%,2706.71,209.56,212.6,216.33,221.6,256.71,254.4,267.63,Saint-Pierre-Toirac,46,"POLYGON ((1.9718537148212143 44.53252207997456, 1.9705631333785811 44.52870721385625, 1.962272142685891 44.52102390895051, 1.9581371555264742 44.51911576378775, 1.9573942167834455 44.52007556833726, 1.950516099046262 44.52432885118268, 1.942054817244152 44.5307580354144, 1.9408001544272553 44.53480668439522, 1.937056322829686 44.53618871657021, 1.9400832760936155 44.53918276938903, 1.9402343459190314 44.54562977203163, 1.9417287942450205 44.54815787575265, 1.943277653189827 44.5477859760882, 1.9552669817171568 44.55176740264015, 1.9594161411310058 44.553031237069305, 1.9627745775169394 44.547970850089484, 1.9609330761208061 44.544537399589096, 1.961275053868729 44.54073775467675, 1.964070877435334 44.536638893577226, 1.9718537148212143 44.53252207997456))",2016,,,
70,211604053,16405,2023.0,0.9127312287548298,91.3%,2622.61,2327.84,2279.55,2339.68,2439.21,207.12,4958.76,225.41,Vignolles,16,"POLYGON ((-0.0806337421413775 45.51772618914709, -0.0781684855572822 45.51656801245982, -0.0767476891479594 45.510929584577234, -0.0748347451817184 45.506401398086815, -0.0742376076442193 45.50228876398702, -0.077645484306414 45.49548574846804, -0.0792052086814548 45.49531393066964, -0.088788151443127 45.49666346883922, -0.0965866696235801 45.49580338913297, -0.1048766898825218 45.4938323847296, -0.1158641085604313 45.492237500609974, -0.118789889104741 45.49338203945426, -0.1213579960559592 45.49473000580666, -0.1241474015351859 45.500007295413404, -0.1229532682194599 45.503395416361464, -0.1186842741697846 45.506288348941524, -0.1129144980936379 45.50877112191379, -0.102193096370004 45.51848735040507, -0.1045373127956461 45.52242257679469, -0.102306199710732 45.52216166619222, -0.0973208313300039 45.52384770403132, -0.0865332458279434 45.5208544615498, -0.0806337421413775 45.51772618914709))",2022,76309.13,174.0,0.06498252568205141
71,216006502,60659,2023.0,0.9121318555347467,91.2%,1588.42,1666.69,1587.93,1666.79,2078.99,2500.14,5002.01,329.6,Vaudancourt,60,"POLYGON ((1.7404756962106855 49.222854374089216, 1.7438355857659136 49.22295380369945, 1.7458743274576325 49.22451991081574, 1.7483063064685473 49.23027408988017, 1.7488816889984529 49.23510776240596, 1.7515216271340195 49.240477750566704, 1.763154916022745 49.24214247826752, 1.7697692091613557 49.24272508357027, 1.7684642631079952 49.23936460021667, 1.7699468327217576 49.23526013184537, 1.7738844489952021 49.231888682703314, 1.7798919116552125 49.22879554101047, 1.7823195479266123 49.22650279260611, 1.7694727514262507 49.22193084089973, 1.7657727095105684 49.21951132651797, 1.7658464208098452 49.21642231725574, 1.7633058196875733 49.21929293151273, 1.7500726343961284 49.21857710026161, 1.7403108818539648 49.22150087901159, 1.7404756962106855 49.222854374089216))",2022,145407.0,173.0,0.034400063270681604
72,212102735,21273,2022.0,0.9119567465625674,91.2%,8036.16,15538.36,10145.2,9383.68,9730.14,12412.84,1404.72,544.82,Fleurey-sur-Ouche,21,"POLYGON ((4.818523894334306 47.30989552191672, 4.823814183469456 47.30839424203116, 4.826750647766976 47.30499576272074, 4.832078995182732 47.30742601047001, 4.828547829781287 47.31296141350044, 4.837013321407671 47.320628299448465, 4.839826591752211 47.32477411925266, 4.84386489090767 47.32290497766943, 4.846381709032682 47.32396092504103, 4.851799515348329 47.32890309362749, 4.857343890379327 47.32920134685693, 4.863426951587281 47.328523681152454, 4.880893761388523 47.328693339045834, 4.890518384875905 47.32834363503928, 4.891728532795748 47.32477818176683, 4.891015661180323 47.32350043153858, 4.891764820141654 47.31768608582276, 4.8952033569608 47.30970037816626, 4.900331863426711 47.30368540179715, 4.900768736893346 47.29716688278838, 4.903506837684994 47.29370513775717, 4.9030657049945106 47.289328464636846, 4.901195402689873 47.284975211257944, 4.895852294270829 47.279453810578566, 4.897063262304697 47.27595266177335, 4.896568732644473 47.275444991905125, 4.891519624574336 47.27552743339943, 4.885749361347889 47.27407411625786, 4.883168619100819 47.271150452054044, 4.877735046766372 47.26840189127236, 4.873521396724523 47.26782533858249, 4.87104826927667 47.27070190631611, 4.871855226410291 47.2719782697281, 4.868936866388477 47.27576453291626, 4.8624571278068265 47.270324420251065, 4.848088718383553 47.27932197605605, 4.841782932003424 47.27890651151299, 4.8386203385645015 47.28398520280498, 4.831774527686455 47.28731689001763, 4.825684783977723 47.28767074257272, 4.819285810412528 47.29015655717652, 4.814389729178282 47.29481041212273, 4.816059982452391 47.296267036913456, 4.824974729866677 47.300446511686005, 4.82559917088585 47.301983910586685, 4.820391776053901 47.303097182365704, 4.8164391488531075 47.30747841313048, 4.818523894334306 47.30989552191672))",2021,670821.53,1388.0,0.01850393799972401
73,212401749,24174,2023.0,0.9117509603815673,91.2%,2971.48,3308.15,2979.31,3235.02,3014.96,3281.02,2753.04,266.25,Fanlac,24,"POLYGON ((1.1057262399338827 45.09545767169722, 1.106090269289475 45.09552833791287, 1.1087867228820514 45.094349001504675, 1.1106961314247144 45.09206010387849, 1.1133635888440174 45.08630210001946, 1.1166487136252994 45.075782998287124, 1.1202109775804243 45.073328452990694, 1.1190365538528793 45.06196025579705, 1.1210331635356692 45.05702905041155, 1.11933330686737 45.05313161074103, 1.1138877081909113 45.051749940816514, 1.105264290415663 45.055020981085185, 1.1044323751620284 45.052556606383696, 1.1021321941735096 45.05290431164435, 1.0969932403861626 45.055976126381125, 1.0901690329477458 45.054763167507566, 1.0878784797038434 45.052144676573064, 1.0767117889429234 45.0547895232926, 1.0717045129542244 45.053993664639805, 1.07054854778336 45.0530064434415, 1.0685740349245472 45.05451974421035, 1.0651645844551976 45.05516985163095, 1.0669032431664154 45.060487423642876, 1.0657050573672957 45.063368240288206, 1.064285925030095 45.069985078502064, 1.0645740370395371 45.074890607145754, 1.0635897570817563 45.07951611315359, 1.0671681713231531 45.07932031912796, 1.0698205394563232 45.08207448076665, 1.0777061572013424 45.08446760820362, 1.0942943857865008 45.08146402904002, 1.1018301380454512 45.08339808911009, 1.1000336806314626 45.087752119949755, 1.1025287388925658 45.0925016766055, 1.1057262399338827 45.09545767169722))",2022,132537.84,139.0,0.02077172828529573
74,213700719,37071,2023.0,0.9117268502849633,91.2%,3615.68,3279.0,3754.72,3840.46,3912.09,4022.34,8121.33,535.98,Chezelles,37,"POLYGON ((0.4751925255782558 47.058402149108154, 0.4712342802802938 47.0557359894192, 0.4669920936990894 47.05912545924348, 0.4647769484795295 47.059786244716776, 0.4614103679305314 47.05868047381207, 0.4511146661417009 47.05148883529384, 0.4420918614738789 47.05154730989565, 0.4366764533888159 47.04562310934975, 0.4340243395029968 47.041501304647426, 0.4283740932416807 47.04253643808038, 0.4260182258089605 47.04416070666461, 0.4265833340001859 47.048236214485655, 0.4167853373392573 47.052596310974174, 0.4134823516548219 47.05613387355505, 0.4118700253434925 47.06203090837434, 0.4136089028267292 47.06735808651466, 0.4197495515809839 47.081941213496336, 0.4195350847743807 47.08245234506733, 0.4256043906482087 47.08864976057353, 0.4374930693103872 47.08839805708102, 0.4389044392625828 47.084688953474455, 0.4412402880340501 47.08351539700511, 0.4496837767234412 47.08376653403412, 0.4524532089761113 47.079442352763536, 0.4540549101874108 47.08173477563314, 0.456889817555952 47.08205515554633, 0.4640217104210412 47.07989028707541, 0.4684857466169373 47.07586088215491, 0.4693555741875363 47.071494688017864, 0.4686467595827154 47.06838368599499, 0.4716876747366405 47.06632213782397, 0.476259794339711 47.06603517708138, 0.4745101037450904 47.06283697818432, 0.4751925255782558 47.058402149108154))",2022,128951.98,134.0,0.06297949050491508
75,214600413,46041,2023.0,0.9110340236168051,91.1%,1021.59,989.06,1017.82,1049.37,1212.92,1085.88,1197.24,101.56,Cadrieu,46,"POLYGON ((1.8775165815697337 44.484099533630726, 1.8693450704750698 44.48498288743603, 1.8615976627770479 44.48728802473101, 1.8654579218707215 44.4935799306244, 1.8655951820237169 44.50028467649214, 1.8669763918030382 44.5037149990807, 1.8698205261633896 44.5065157486458, 1.8702611419150885 44.51167669435874, 1.872193122793521 44.51479032195277, 1.8786442290356309 44.51859448570057, 1.881815186965246 44.51869111610646, 1.8849527601580947 44.515886821844255, 1.8856605214334987 44.507579236185556, 1.8879804999901604 44.504831071603945, 1.8851482644593611 44.5013863702722, 1.8838591563757356 44.497828311212395, 1.8853182511371127 44.48817484402971, 1.88430371999631 44.48449067290208, 1.8775165815697337 44.484099533630726))",2022,52305.22,165.0,0.022889493629890095
76,214302341,43234,2023.0,0.9076053534438114,90.8%,23135.02,24489.39,24478.07,53564.27,195.47,20594.09,23896.15,2055.33,Saugues,43,"POLYGON ((3.4125082515916927 44.94505747926663, 3.416966766662263 44.94278475536284, 3.421005554882201 44.94547684799444, 3.4295173031084474 44.94776484960245, 3.43601223595819 44.949028770384665, 3.438403171262205 44.95108208989614, 3.4430422644368868 44.9486142220417, 3.449917442596344 44.95168069915779, 3.454216307575225 44.952372284023845, 3.454186545659371 44.94869818000404, 3.4577408395246323 44.9477167040707, 3.464501874618186 44.94794650578504, 3.4778491260299833 44.94930807059679, 3.484784197149714 44.94850452881539, 3.489546694819062 44.949966248679196, 3.4945273727157313 44.955423337929275, 3.489670683404659 44.95370439989109, 3.4873007275208328 44.95429495341716, 3.4834378307486347 44.961853678398235, 3.486214390857885 44.965967047125424, 3.490156657352028 44.96749679799446, 3.498671701097022 44.96945722904607, 3.5027666577748153 44.96756943595942, 3.5074828067795134 44.96368037987326, 3.511737403759827 44.959342026042115, 3.5164617386153707 44.95648392303104, 3.521309899942045 44.95717036811001, 3.522905559138935 44.961739580323325, 3.5210355480816204 44.96696967295985, 3.515049713685143 44.97183210851007, 3.518186272827224 44.975040583952385, 3.523340299981545 44.97894857407724, 3.523185808115273 44.98197896795041, 3.5241358992261715 44.985842160527646, 3.5291707105149444 44.9866563240849, 3.5328978588377202 44.98451131784044, 3.5453990148811503 44.982387982851264, 3.5546884918244372 44.97905453677091, 3.557995746519286 44.98077845016319, 3.5641629752723847 44.985130714868404, 3.577765117521269 44.98351384045055, 3.5833481979013224 44.984258244908226, 3.584921426354719 44.98611936723337, 3.5868988465452154 44.99165264550786, 3.5865602094242 44.994232894903085, 3.5881507414366136 44.9977054295824, 3.5906407461175633 44.99975501743943, 3.5935593668437043 44.99909487214278, 3.5928785033259554 44.99523079870302, 3.5963825411221926 44.989474988796395, 3.5994840531913885 44.988878167995665, 3.6026519434258693 44.98596028378001, 3.603613575257885 44.98189399425354, 3.6030360966185175 44.97918974400451, 3.600091706016198 44.97733628405036, 3.5996030652171163 44.974373696056816, 3.6019775305095703 44.97423194952259, 3.609668753544774 44.97560821423965, 3.6119441234785374 44.97475772241316, 3.621244018875529 44.964585737841894, 3.628866417375616 44.95990168796425, 3.6316910009154957 44.95111895873468, 3.6307442398321825 44.9481591238187, 3.6299165231548898 44.93952604801234, 3.6279388621475643 44.93418698874477, 3.62573296409734 44.93291021283039, 3.6187954507017914 44.93314242993534, 3.6125827436065094 44.932854536848886, 3.6049434331374215 44.92728830635089, 3.5980188985876516 44.92867944720562, 3.594850584492353 44.93127486665755, 3.5876527251611927 44.93279574268046, 3.5791474627427746 44.93155117184309, 3.5787516314224277 44.92858805636472, 3.5819877639986935 44.92367217552177, 3.5753747500394777 44.9198389954157, 3.574446667348836 44.91836121335802, 3.573267170145033 44.91907636519348, 3.5637990140632523 44.92170320525287, 3.554838230955379 44.92033017963557, 3.545765905042832 44.91682980401471, 3.5378782610957695 44.91300067007137, 3.533821490029131 44.90876588954772, 3.5333326567917926 44.90535187493566, 3.529389931133923 44.90343694290594, 3.524816484799623 44.902362828210414, 3.5172375566803624 44.90194715399401, 3.5180797380149857 44.90419931245335, 3.5139665455560913 44.91350059690647, 3.5164601890240847 44.91664756206388, 3.5147659792888657 44.92103868852193, 3.5063304392132064 44.92713666534566, 3.5019969410909986 44.93263541624349, 3.4972875944397463 44.93703986419399, 3.494553711994124 44.93769666023597, 3.490468552179093 44.940486540710054, 3.4884891695002183 44.943911640974875, 3.4852954038758734 44.94424792763111, 3.4801731565732377 44.94336772575421, 3.474249833138297 44.944940191199514, 3.4713255867836534 44.94475924554045, 3.46215363972346 44.9400921692458, 3.459482532228282 44.9373314651746, 3.4643865689178965 44.934023635090455, 3.4648853017451944 44.9280912511279, 3.458939957930152 44.926826764274594, 3.445519501122544 44.92701028615877, 3.4388473272611035 44.92613439556107, 3.4336990580237736 44.921577979123285, 3.4269972973923175 44.91670501690268, 3.419358384456853 44.908418867403775, 3.4138406567763147 44.91520776758185, 3.410572360468477 44.91766934197448, 3.413697537052973 44.920558421335734, 3.4159435177338087 44.927962871780096, 3.415688710803175 44.93054220568965, 3.4128213839182577 44.93796574559833, 3.415313301595331 44.94150174879769, 3.4125082515916927 44.94505747926663))",2022,2301766.88,1821.0,0.010381655157015729
77,213601743,36174,2023.0,0.9061874422054894,90.6%,4619.67,4622.03,5058.68,5150.64,5487.8,6292.5,7484.76,646.24,Roussines,36,"POLYGON ((1.3583946095097177 46.433182427869504, 1.3559524789774513 46.43637129223553, 1.3550013722235312 46.43990399347587, 1.356153019897501 46.442177373221334, 1.3542990987903925 46.44763146621531, 1.345121595992979 46.446918545308215, 1.3330160796321147 46.44680698929068, 1.3262931862955645 46.44870756299839, 1.3234189190658383 46.450599821398946, 1.3213651774419457 46.4532778354588, 1.331587481911154 46.45362103633785, 1.3424881828105741 46.456358926562366, 1.3463868523628215 46.467119086403194, 1.3487179896928458 46.47076366621489, 1.3564242053787092 46.47680688947449, 1.3643188027896862 46.4797572491293, 1.36751276385668 46.479738437031315, 1.3734367271021506 46.48265998688189, 1.3773014200775235 46.48535856544332, 1.384876962094113 46.49281646226271, 1.3884646486212255 46.482679429867616, 1.3900087293558607 46.48128265434171, 1.3985550487656964 46.47811430494423, 1.405068673441772 46.47698029723664, 1.4129639378099643 46.47676781792918, 1.4242342879078926 46.47350641590647, 1.4267902626862576 46.46954396921636, 1.4121449116125215 46.45651012206996, 1.4102211278161487 46.45487139482137, 1.4051235509210154 46.455832003194836, 1.3988046486656713 46.45361580086438, 1.398150430395142 46.450318194594225, 1.3962803193476652 46.446874557862046, 1.3834677261190498 46.44211590101412, 1.3799964284023025 46.44206671470043, 1.3731098874919323 46.436939411518374, 1.366581787946441 46.43555662777406, 1.3639212661213314 46.43351966576408, 1.3583946095097177 46.433182427869504))",2022,429444.75,372.0,0.0174289242096917
78,217601921,76192,2020.0,0.9056157795129847,90.6%,41986.18,44100.1,47089.95,13506.09,3355.85,2671.15,2748.99,2662.63,Criel-sur-Mer,76,"POLYGON ((1.3387841398125542 50.04992838796324, 1.337982947211181 50.04676609219226, 1.3407312329051222 50.042622821237714, 1.3434789855869702 50.041566617095015, 1.3497562428962833 50.03393338989574, 1.353714752876699 50.032700300586846, 1.3577132942536678 50.033332785725946, 1.3617626858244827 50.02927074742355, 1.3602729082368854 50.0287362945614, 1.365878316560169 50.01999979271363, 1.3712718763186336 50.01782050920786, 1.370011973984258 50.01638877961327, 1.3606336362065323 50.01131121073129, 1.3557748573544737 50.009380880035444, 1.3510147442570255 50.007515993326734, 1.3500022870215516 50.00467235425512, 1.347563894006677 50.002452653784715, 1.33921670281828 49.9997670063623, 1.331245707403809 50.00094504907966, 1.3219278683029474 50.006413502917226, 1.3142262113939431 50.0024486145219, 1.3065212882697481 50.0016348193911, 1.30399314419725 49.99915569555873, 1.3008443048010723 49.99422373689608, 1.2931302511177478 49.9997123132074, 1.2917456737285662 50.00207284178358, 1.291000962547946 50.006307541183006, 1.2796453815327564 50.00653450939231, 1.2745524211728567 50.00864974322002, 1.2757068825954938 50.010145343100014, 1.2711459215933412 50.011367450012436, 1.2833660924001127 50.01829275768056, 1.297614372209613 50.02775331447252, 1.3098078877237045 50.032681546039406, 1.3187083994496023 50.036984532335076, 1.3233272479066323 50.040134971152554, 1.3269273532741575 50.04372152634354, 1.3319575915977933 50.046619949491024, 1.3387841398125542 50.04992838796324))",2019,3614983.32,2763.0,0.0037361417202887675
79,213305568,33017,2023.0,0.9051822240093381,90.5%,2448.45,2488.37,2550.9,2351.79,2477.06,2364.52,2758.57,242.88,Aubiac,33,"POLYGON ((-0.228064121834609 44.47253946182724, -0.2275675120277779 44.47177998561253, -0.2304129885834866 44.46447243549356, -0.2334865578863046 44.457996639412485, -0.2363450437674563 44.454107130363475, -0.2408295017755256 44.45487833904047, -0.249366579526556 44.45520741967508, -0.2511171881025516 44.457284345203036, -0.2542331487776428 44.462610549037045, -0.2537590946127234 44.47326744884644, -0.2566760521879278 44.48298572485061, -0.2601722236083454 44.487010581413955, -0.2551626529792523 44.4881906628582, -0.2483589227632234 44.48813333286887, -0.2443981032774686 44.485476353115615, -0.2427244053435343 44.48159094547649, -0.2349728604932736 44.47446546229401, -0.2331833995952771 44.473292432713194, -0.228064121834609 44.47253946182724))",2022,207182.92,287.0,0.013314659335817837
80,216601088,66108,2023.0,0.9035082027490294,90.4%,14697.81,271.88,10252.66,574.84,6092.76,1849.38,1849.38,178.45,Millas,66,"POLYGON ((2.66081735997386 42.713384064275466, 2.664410077112062 42.71487589979704, 2.6670312183006177 42.717330155456835, 2.6703393044145303 42.72261877705029, 2.671638892062885 42.72584131063695, 2.674978429797694 42.72565838474802, 2.684101270912557 42.7282605198361, 2.700713044965329 42.72702080893928, 2.7091118040849556 42.71655154925356, 2.7101120179997613 42.70973103900029, 2.711363653375613 42.70529291255854, 2.709456267157063 42.7003313097168, 2.7119479024188355 42.69370803205806, 2.7098626841768287 42.689260959778856, 2.7079446565009646 42.68655226679109, 2.7086100931546166 42.6763839213355, 2.704319991274623 42.67418365089484, 2.7044342152696426 42.668970198858105, 2.6995238221907774 42.66805537968668, 2.6910267901461706 42.66494155373408, 2.6895087644249975 42.669829073256615, 2.687559536793652 42.67323487956485, 2.6841349189982338 42.67348229628458, 2.6749357536868335 42.67036510132628, 2.6738861093783943 42.66971823241025, 2.6717560716564477 42.673895614708044, 2.6702445752224118 42.67730246410209, 2.6693583639091822 42.678780193927196, 2.676189000689601 42.681762013736794, 2.6768755944542204 42.68459629418878, 2.6742662834257893 42.69591728349196, 2.6709693512034165 42.70440395591704, 2.667435893896864 42.70799774372106, 2.662499289704986 42.71113642441892, 2.66081735997386 42.713384064275466))",2022,3593142.92,4333.0,0.0005146970329808089
81,216801027,68102,2023.0,0.9030769230769231,90.3%,4440.0,4579.0,4680.0,4711.0,4723.0,4992.0,5395.0,503.37,Geishouse,68,"POLYGON ((7.09917929295298 47.90222198975422, 7.098072261046806 47.90038965524207, 7.0925938571591125 47.89445173647562, 7.086592869298729 47.88672530053803, 7.081373988203 47.88161658866588, 7.0752903167381005 47.88157007919426, 7.072249625796907 47.877159492082605, 7.072439552696555 47.8733463676964, 7.067405415790571 47.87565016564891, 7.0560150494119735 47.87307692206982, 7.046709318411598 47.873785536709995, 7.046359388671431 47.87805568913038, 7.049447079590077 47.883110410943836, 7.052167043894811 47.88966163052587, 7.05417312861248 47.89191488937235, 7.057863146244696 47.89346471745999, 7.064676310716249 47.89419658183039, 7.073970826499982 47.89832580961102, 7.076516329740257 47.90004385264809, 7.079373325103224 47.90329941450812, 7.085151460708423 47.90561452696955, 7.089094600911165 47.90541265472018, 7.095555100364189 47.902800181371255, 7.09917929295298 47.90222198975422))",2022,416315.22,449.0,0.0129589304950225
82,213101306,31130,2022.0,0.9024279303641782,90.2%,4144.51,4233.16,4373.44,4549.05,4776.74,4061.24,423.48,438.86,Cazaril-Tambourès,31,"POLYGON ((0.5458843536818679 43.1901469164751, 0.5473454346100693 43.19121098477423, 0.5611899645211806 43.1906872851708, 0.5661534877672589 43.1885444292964, 0.5689616399335407 43.18918758919983, 0.572704946782521 43.19287978745139, 0.5772364294294969 43.190468994725016, 0.5769390555787345 43.18910935355221, 0.5739119291637641 43.185240143338824, 0.563943777051685 43.182116292573696, 0.5512265082370613 43.17699632230826, 0.5439230810825526 43.17167611614275, 0.5363754273685246 43.16796049456571, 0.5301779248441216 43.163759852777105, 0.5224252220055849 43.164870543930085, 0.50972231132759 43.16986098105347, 0.5062792859765082 43.171649822155594, 0.5089502830326008 43.17338666736983, 0.5179902684493631 43.175334627641874, 0.5267044274493463 43.176630074599395, 0.52991001897376 43.17831421831854, 0.5339849135342896 43.18246638495082, 0.540433793170953 43.187059116678256, 0.5458843536818679 43.1901469164751))",2021,136930.14,89.0,0.029659211624263288
83,218005692,80602,2021.0,0.9021596488941034,90.2%,2202.13,2367.06,2413.83,2468.68,2517.47,228.71,243.25,259.81,Occoches,80,"POLYGON ((2.271115148920324 50.189665919016534, 2.2741563316323536 50.18839807066822, 2.2783368629720426 50.192023001261916, 2.2829392652982943 50.19436440608796, 2.2952828713191282 50.1981003304191, 2.3017996732459447 50.20058053602743, 2.304632129902117 50.19982509311078, 2.3092960312170825 50.197794068681155, 2.30362777922405 50.192233085572525, 2.302285208092648 50.187275035523676, 2.3018566846615647 50.18180779261058, 2.3032167125202596 50.17815084699191, 2.3063641709884086 50.17636845330198, 2.3054839886608103 50.174434705209926, 2.2984267234837334 50.17484468670102, 2.296341725429938 50.1726468145526, 2.2929923449318705 50.16722696988617, 2.2883495459133383 50.16790740787234, 2.2817775159639075 50.16966940150992, 2.2794353932126117 50.171455906964646, 2.2738510606522206 50.16750115341698, 2.2739398113833382 50.16833749334221, 2.267859689000192 50.170873169539135, 2.2633691072507967 50.174896814679705, 2.263133083731994 50.177274237740846, 2.2714210712736427 50.18240273675558, 2.271115148920324 50.189665919016534))",2020,71080.65,130.0,0.035417093118872714
84,216503359,65335,2023.0,0.9021586095382137,90.2%,3309.53,3272.55,3514.65,3780.11,4234.37,4061.15,4071.4,397.85,Ordizan,65,"POLYGON ((0.1205503241719405 43.1154520101017, 0.1246653867569484 43.11279120087143, 0.1300877244889344 43.1140956151299, 0.1380202229540927 43.11475767882608, 0.1472184157610923 43.11667693401277, 0.151956310441446 43.1193152313549, 0.152679652912737 43.11720800819317, 0.1585105287058546 43.11562221975529, 0.1603953481265132 43.111483697041095, 0.1584826888524536 43.10898477414541, 0.1570502343879839 43.103921142472586, 0.1572556389620582 43.10154251973009, 0.1552935684333567 43.09466077626032, 0.1427907160944992 43.095231880132225, 0.1323507940181862 43.097016299227384, 0.1294232055200786 43.10073993084029, 0.1292102712205126 43.10324719746581, 0.1250257184070695 43.1073238458723, 0.1168715754031846 43.112905079794956, 0.1205503241719405 43.1154520101017))",2022,228614.81,539.0,0.01780899496406204
85,210902276,09227,2023.0,0.9008994596131968,90.1%,1875.66,1987.22,1707.1,1994.87,2103.81,2295.25,2205.23,223.0,Péreille,09,"POLYGON ((1.7938144124806306 42.93884377539273, 1.7925985659187496 42.94217842540768, 1.7941495358429511 42.94393438478141, 1.7964541078015601 42.9433807022332, 1.798976301615787 42.94083329925398, 1.8038455870845769 42.93992175199046, 1.809096464780773 42.93759763318319, 1.8240623096491189 42.930164459564075, 1.8250966997840241 42.931334786180464, 1.831179527056654 42.927022650264135, 1.8294686372253954 42.92005000846219, 1.823847299989266 42.9190227800887, 1.8148664791173181 42.918473358535955, 1.8048991017380505 42.91874927154667, 1.7961401761940452 42.92026120512466, 1.7923820725442396 42.92292338064224, 1.7953534834428064 42.92842985374484, 1.7950033770103422 42.93679662511506, 1.7938144124806306 42.93884377539273))",2022,69997.49,202.0,0.03150441537260836
86,212505606,25560,2023.0,0.8978113036790206,89.8%,15683.35,7877.73,8326.68,8568.23,10618.46,8812.0,21066.06,1526.6,Thise,25,"POLYGON ((6.106857038658905 47.30699634313984, 6.1042985498656375 47.302356319992, 6.105913284643414 47.297282089837026, 6.102253262893663 47.29338100855476, 6.098280661106462 47.28735966128241, 6.093926775690996 47.284637872019154, 6.091127839182219 47.28406750027741, 6.088193541770517 47.27782465534482, 6.0925974575719035 47.27480477964056, 6.090072478584543 47.27235657646166, 6.078560958789366 47.269502265625654, 6.075447195471857 47.266746893900994, 6.067838885159344 47.27043144416714, 6.059767616986672 47.269354718929094, 6.056684140761021 47.267114065772844, 6.0539670395626555 47.26963664053128, 6.056409687288447 47.27234575272184, 6.05923742874458 47.278463121970546, 6.061167875550555 47.280540658905345, 6.06728918162954 47.28418439124478, 6.070532919594973 47.29087099766124, 6.079387516190805 47.29889220541351, 6.083631756661708 47.30135945174491, 6.0858016575613165 47.30259174887152, 6.0905102671310205 47.30814238129783, 6.0956342943353015 47.30929578586732, 6.0971030420307715 47.308289098526004, 6.103006567075945 47.30806687697387, 6.106857038658905 47.30699634313984))",2022,1645501.1,3062.0,0.01280221568979808
87,215800301,58030,2017.0,0.8971832357702302,89.7%,4869.62,437.87,450.78,466.28,489.26,508.57,533.81,618.18,Biches,58,"POLYGON ((3.6227275634332448 47.0146922250804, 3.63036816350053 47.01929181498307, 3.6376859429068023 47.02054081222619, 3.6438482718001377 47.020313236228326, 3.6518397338037034 47.02233108973384, 3.658539036915878 47.01945687005366, 3.6576580160511023 47.01720581752335, 3.6533421123389855 47.013233844863834, 3.6584517984627984 47.01230238301957, 3.663395411275046 47.013305431073775, 3.6724778648764618 47.01918314807915, 3.6744734847372977 47.01949380427352, 3.675072085998994 47.01426909334586, 3.676160002883033 47.010266236523954, 3.678203193461065 47.006837891459995, 3.6808255463020387 47.00424406663481, 3.6916298249419133 46.99644464769189, 3.6953236170756307 46.99616461215943, 3.696430440046725 46.993772917478914, 3.6933201372652973 46.9877968575133, 3.6881698604902677 46.985313742711966, 3.683207160173606 46.98263590778926, 3.680870058525075 46.977686286504806, 3.6771354587263434 46.97461417364175, 3.670302798739197 46.96620977246874, 3.666671486184901 46.963716861713, 3.658142469420914 46.96357246431837, 3.651746742567127 46.967476401138796, 3.6442586232854297 46.9672606277605, 3.642968199880374 46.970297456945175, 3.6385213565056023 46.978895343036676, 3.62039557296192 46.97680260131206, 3.6204481120425327 46.981378966781605, 3.624303372591429 47.00333888850894, 3.6267573973592584 47.010545030478994, 3.6225814623597303 47.01024533137228, 3.6192759711371427 47.01142337610177, 3.6227275634332448 47.0146922250804))",2016,,,
88,217105428,71542,2017.0,0.8967202134320258,89.7%,33930.91,6665.089999999999,6102.87,2141.8599999999997,2265.09,2314.04,2402.79,2638.9,Toulon-sur-Arroux,71,"POLYGON ((4.134753090511898 46.71618211897824, 4.138409543793476 46.719627253768486, 4.139196809985462 46.72567954197555, 4.138927698249729 46.730839734218975, 4.14819225332814 46.73171450769015, 4.153802681563803 46.72933738235667, 4.159260496905 46.72425380634666, 4.161101920774516 46.71772378919638, 4.159231703523757 46.714067929927516, 4.164464031337048 46.71175853779576, 4.17252461575538 46.709420045491335, 4.177795066282208 46.70891479801074, 4.185362092369589 46.70993289061538, 4.189920520078819 46.71136853408684, 4.192069453348853 46.710443658469636, 4.195018702426309 46.707318431985264, 4.194095785543086 46.699656098519284, 4.196086049903365 46.695831631950114, 4.19688386364054 46.68924734606569, 4.199026113907328 46.68806451341191, 4.204007206926612 46.68736764791011, 4.202836239453294 46.68557475758636, 4.197945281939904 46.68607722189968, 4.189263069526292 46.68565178285333, 4.186797122273458 46.68496814432957, 4.180115808350855 46.681168849962916, 4.1774819175902635 46.67706981899596, 4.172868271070317 46.67292651768063, 4.183603428680371 46.663854854761915, 4.1813945542334 46.66194351462269, 4.16908095811939 46.654591132254716, 4.160246530896554 46.65119946170427, 4.150717090742626 46.64607339711274, 4.149187043733235 46.64499274764597, 4.141415671602186 46.64274945175934, 4.128506984720517 46.64255489730073, 4.123434855077358 46.64324941485296, 4.115680380570175 46.64635523059645, 4.110993683243865 46.64749673007484, 4.108390700191504 46.64919813964293, 4.105728757003537 46.65264074025931, 4.103018090262267 46.65369836329209, 4.106423771031117 46.65901653817884, 4.106888516789999 46.66333151981774, 4.108582122548695 46.6678280340564, 4.112216516846144 46.670436102125066, 4.111974726546526 46.6724370028442, 4.106911412176524 46.6737108956846, 4.101073114316723 46.6739604934916, 4.102936730535326 46.677552876053106, 4.109328158249463 46.68129494366275, 4.112993854634793 46.68538548148608, 4.116152826310994 46.69231748449151, 4.1157357915483495 46.69496478082612, 4.113602027178316 46.69666170715271, 4.111705478695695 46.70074165268505, 4.114581368259371 46.703034648116805, 4.120186413776933 46.70504309251225, 4.122951277644498 46.70649886593836, 4.133451952464643 46.70807185207927, 4.134753090511898 46.71618211897824))",2016,,,
89,217800341,78034,2023.0,0.8943992768092641,89.4%,5835.150000000001,6132.81,6472.34,6451.9800000000005,6666.5,6843.82,14129.900000000001,1107.42,Auteuil,78,"POLYGON ((1.8066032468969986 48.829833862745744, 1.799305158474142 48.831370648915126, 1.8011384359932483 48.832741300706374, 1.804380261520417 48.83689491456967, 1.80921642903805 48.84003401794773, 1.8114807973442555 48.84404888243117, 1.8135682074712594 48.85153910859749, 1.8125587029053005 48.852752542593656, 1.8142993084692518 48.853928859966764, 1.8250837865528338 48.85030051613557, 1.826117606686816 48.84799255017501, 1.8294144383312498 48.84982783070555, 1.8326190219219949 48.847025893507116, 1.83437117624091 48.843308231481814, 1.8342828828479896 48.83847793855716, 1.8318236237043328 48.83433281155323, 1.8326202059331955 48.83382544648741, 1.82906749420522 48.8303134947319, 1.8260387219866812 48.82970426316812, 1.8133707419881877 48.83002999050215, 1.8066032468969986 48.829833862745744))",2022,608663.39,986.0,0.023214637568393922
90,213100696,31069,2023.0,0.8940671519787392,89.4%,292202.70999999996,294797.25,308388.19,62118.880000000005,63284.4,54748.49,57127.28999999999,5925.66,Blagnac,31,"POLYGON ((1.3590122457816523 43.66291070548236, 1.3595818526387866 43.66485228638866, 1.3692814559090114 43.656686347898514, 1.3782022979219586 43.65701305744533, 1.3900605497737109 43.660861900387005, 1.3940325840054812 43.66253143609751, 1.400079137982395 43.666679791070514, 1.4049149041311573 43.66301375198608, 1.4064453496736125 43.65936356298218, 1.406729509389479 43.655566247287524, 1.404851773228442 43.65244599525676, 1.4014659338379483 43.64898139483865, 1.4015359678950434 43.646469595346666, 1.4038396976770806 43.637483068499215, 1.403488567968691 43.634063071275285, 1.4013840831483748 43.62630045185415, 1.3981413707016572 43.62096940587711, 1.3893743183903817 43.6153632437506, 1.3874957078973487 43.61552867441244, 1.3739990261180137 43.619451121254066, 1.3769334937768862 43.62613136367592, 1.3718025063021235 43.627665396552096, 1.3664299406043836 43.62513639659491, 1.3588309555016167 43.62869450027766, 1.3563574377815018 43.63091222555476, 1.34932394627394 43.63338290842377, 1.3473572600109458 43.63348188866877, 1.3522547990668026 43.64322102977915, 1.353523607732441 43.64878142593083, 1.352838221076198 43.65399007663771, 1.3571066711538469 43.65772731094247, 1.3590122457816523 43.66291070548236))",2022,74462694.47,26014.0,0.0007671934303024153
91,219733037,97303,2022.0,0.8936378201913792,89.4%,34121.45,27854.32,47336.18,25960.86,37941.52,7427.05,1452.49,3373.01,Iracoubo,973,"POLYGON ((-1.139867306194501 42.31371678269397, -1.1388970241465595 42.31111284542427, -1.1374041695342192 42.308529253692626, -1.1369368436116472 42.30809642125495, -1.1336466852151352 42.30603375763966, -1.132868206542743 42.30490426512951, -1.1315580727640326 42.30366657644674, -1.1305465464536972 42.30170852662161, -1.1293236314405917 42.300467429235304, -1.1268180276771322 42.29837410920775, -1.1246146055590374 42.29684888825472, -1.1236203874607116 42.2963720292869, -1.1188598668327727 42.29449488756106, -1.1175128607114342 42.29396722010905, -1.114928580087465 42.29322973799061, -1.1143325018030943 42.29344610940824, -1.1132513369567782 42.29297252724803, -1.1125185393505461 42.292485452695125, -1.111273648114296 42.290922884601756, -1.109935809398044 42.290523633365325, -1.1050275307116462 42.290262366239055, -1.1046746896774506 42.29021156796132, -1.1030036460158141 42.288794237074505, -1.10157592801152 42.28710977652096, -1.1012758019549664 42.28531735346306, -1.1023418913751186 42.28308561692143, -1.1033102673204254 42.28195293265084, -1.1050712455000438 42.28091847355225, -1.1059284415070134 42.28069206190646, -1.1057047663396369 42.27999199108036, -1.1039003635187212 42.27915971023888, -1.102306139780935 42.27883471266242, -1.1012629295051815 42.277650853125635, -1.1024114435701533 42.27535151835982, -1.1034471930383085 42.2751826578953, -1.10454749128257 42.274689151921606, -1.1055336956060933 42.27381347444101, -1.106254191064805 42.27288363092786, -1.1068155473946177 42.2709290858453, -1.1064643156088032 42.269654104833144, -1.106351740509132 42.26804775957618, -1.1068845418304178 42.26693188712398, -1.1086104140018014 42.26415917494512, -1.1085158099917587 42.26280985460289, -1.1090874446774475 42.25975964819561, -1.1099037609107938 42.25895493230465, -1.110614991026326 42.257896568216786, -1.1113636474334692 42.25612805087104, -1.1119097690561603 42.255204925460085, -1.1121542076888724 42.253713636045546, -1.112764779207069 42.25246587626301, -1.11396195769034 42.25087325385607, -1.1133360921885231 42.249415680898615, -1.1126277446772472 42.24802572916341, -1.1120979770394794 42.24669328688912, -1.112264373377519 42.245333884768826, -1.1115515938109162 42.24387968012838, -1.1111733837868867 42.242219241099136, -1.109842584191811 42.240660109599744, -1.1095649640034118 42.239189057224245, -1.1087548673793055 42.23883385591131, -1.1076207299001228 42.23758922525941, -1.1086437368597657 42.236003420818435, -1.1091401765295057 42.234373564695034, -1.1086376275148158 42.233426632186955, -1.106035127865069 42.231143586740735, -1.1034717453628442 42.23066288061832, -1.1036517869215765 42.229496269127864, -1.1045682436670254 42.22888101080843, -1.1060471316370062 42.22882381569306, -1.1072140505162054 42.2292940725584, -1.1084454715011312 42.2294396948227, -1.1117692634748741 42.22956870122367, -1.1128267130112153 42.229721012034055, -1.1143552097708906 42.230370460601875, -1.1156453033469702 42.23135126065398, -1.1163490099367797 42.23267691639076, -1.1160686781751965 42.233654173762524, -1.1165848836100922 42.23479382441083, -1.1175361251256328 42.23591660256035, -1.1180568922845906 42.23712049998623, -1.1190205113921057 42.23966017009862, -1.1204430593110046 42.241280059461474, -1.1222634409689418 42.243593185012664, -1.1243099736839106 42.24415797724869, -1.1275375166371677 42.24538552613308, -1.1297536705393048 42.245879197796285, -1.1308758378886232 42.24570669096243, -1.1310699455374216 42.24350861180428, -1.1317489054882153 42.24200036745108, -1.1317734804753086 42.23987331860077, -1.131312246176532 42.238280595182225, -1.130699665457902 42.237015895925104, -1.1308374550600768 42.23649512086693, -1.1316712618338136 42.23594725995746, -1.1321615753880747 42.23547718951312, -1.1312200933287433 42.23325890150004, -1.131078767445526 42.23249128381413, -1.131569056869868 42.232021217858815, -1.1309067400142268 42.23004977741459, -1.131177753320128 42.22894398471449, -1.1317640589757123 42.22859903396061, -1.133275552665566 42.22776707475043, -1.1331478003249662 42.22719221371761, -1.132411130721031 42.22664106084952, -1.1309649924135543 42.22592423948732, -1.1300498600145819 42.22531559192258, -1.1277948211580422 42.22301956038012, -1.1276354740617287 42.22199494794436, -1.1267712453348944 42.22086889519759, -1.1280905606786573 42.21978678223084, -1.1284732414743963 42.21655063128503, -1.1300397705119984 42.21526560137479, -1.1322331279580353 42.214213842812505, -1.1324397107516488 42.21343269657206, -1.1322159757209291 42.21273273224336, -1.1323999180906426 42.21163034353556, -1.1330684816508818 42.211217756775575, -1.136254486255278 42.210642646285386, -1.1370235715095667 42.210419390793014, -1.1375090964612846 42.20988506025124, -1.1401785358524628 42.20817031540754, -1.1423306082880629 42.206540123790994, -1.1430542335522234 42.20567434638547, -1.1448673973964665 42.20418618371026, -1.1456182015632317 42.20370587689859, -1.146085427219307 42.20291452075226, -1.1460225169902583 42.20079095641731, -1.1460738038097484 42.199049482917395, -1.1450454365903393 42.196834802779364, -1.1443785252986456 42.1947992746535, -1.144512254881109 42.19299017005402, -1.144640740718444 42.192340908241846, -1.1457852150107277 42.19126540197044, -1.1497887770823814 42.19117329183536, -1.1525343127591463 42.19055046164201, -1.1541041706911954 42.18932935961103, -1.1544705884588697 42.18834864459858, -1.1536841724018159 42.187090955382175, -1.1540278394304835 42.18578901413354, -1.1539965000928305 42.184115215345656, -1.154289610698562 42.1833306481247, -1.1553700337185484 42.181355609120146, -1.1561154521466128 42.182035066905016, -1.1561882650268411 42.183062997905736, -1.1567644189137263 42.18381350986443, -1.1576700761868572 42.184293408297876, -1.1590198784184826 42.18366067420734, -1.1603738384230888 42.184316244441696, -1.160240988619173 42.18490127390302, -1.1606251361262225 42.185401601831536, -1.1615126217271672 42.18562448543523, -1.1631505403606568 42.185366940545734, -1.1667922837538036 42.185095099027315, -1.167231471966062 42.185142270540275, -1.1671947408307277 42.18585238510529, -1.1665403932342224 42.186457911744355, -1.1662519929152784 42.187306761048724, -1.1682511378282066 42.18845229752309, -1.1688138032376347 42.18901001162076, -1.1709319613606857 42.19060180327257, -1.1716091513153746 42.19031747462018, -1.1721311167725037 42.18662471626957, -1.173192721893645 42.18439250825576, -1.1733849457469054 42.183418572815654, -1.1728268595697868 42.182925131349435, -1.1718433146569869 42.18257727170794, -1.1723605095974554 42.180044368559095, -1.1736780677509173 42.17896173777669, -1.1780970232378065 42.176146346912866, -1.1787831619224156 42.17599046556341, -1.179515055362042 42.176477022147694, -1.1808049383132768 42.175008842153524, -1.1817471284887477 42.17355435661417, -1.1833250842427785 42.1724613331147, -1.1843404630117558 42.172034728473946, -1.1855617098805784 42.17205096036222, -1.1876749252470928 42.17235408349935, -1.1902779917785502 42.17463498201155, -1.1918515160935914 42.1747016495155, -1.1948657416943742 42.17419591764319, -1.1957895665475466 42.17370839677803, -1.196292249287968 42.1722067315269, -1.1971838671088961 42.17126949732734, -1.1986428278178098 42.170954044582295, -1.1993559903726094 42.16995943153992, -1.1989665817034052 42.168170953893465, -1.2007633760491714 42.1664891702375, -1.2015950463425016 42.16471675187242, -1.201905822023993 42.164189039739014, -1.2041644681784034 42.16287544245367, -1.2056041956539716 42.16107888225157, -1.2053843913523234 42.160443354403725, -1.2055483849913282 42.159083934880535, -1.2065719852650458 42.15756156648994, -1.2092100393422558 42.15668377421505, -1.2137108518274315 42.1586954335974, -1.2165464902065435 42.15935580106649, -1.221271455837243 42.160842847223904, -1.2237782281334335 42.16177382456194, -1.224240405925189 42.16214196561068, -1.225818259423396 42.16227237002287, -1.227495859557163 42.16136796429362, -1.2289497827549696 42.16098785736852, -1.2303492137346934 42.16106088386841, -1.2321460190271676 42.1606026256425, -1.2328040351306444 42.160060952867155, -1.2342486227719085 42.15955229239153, -1.2365029482000778 42.159397814870395, -1.238052923718409 42.15914259356025, -1.239168475644312 42.158904719335595, -1.238812934428167 42.16001417541149, -1.2369676417612558 42.16221398888261, -1.2347375663356253 42.16391372894399, -1.2340436147685776 42.165165537326075, -1.2339034365644053 42.16684621592173, -1.23347938904065 42.16821609849485, -1.233631167208623 42.16911200834658, -1.232667165407852 42.17024573938136, -1.2320368312828995 42.171172866919626, -1.2313103108306975 42.1719749756785, -1.230886165802355 42.1733448556083, -1.2315686140766553 42.174348453692765, -1.2324747361752968 42.17482770884126, -1.2334075280331842 42.17446834393719, -1.2345651131820257 42.17480869010618, -1.234780650718511 42.17537992572525, -1.2343241110145575 42.17630013147462, -1.234343827432365 42.17778116543175, -1.2334306826982049 42.179621576983145, -1.2335315013917925 42.17981083423577, -1.2367067609289708 42.1803283165486, -1.2446577090810387 42.180590261751334, -1.247047666662546 42.182298567934005, -1.2463226364484024 42.18432486429323, -1.24669356325169 42.18463215439924, -1.250286690074084 42.186098942104685, -1.2501376187301325 42.18765119674736, -1.2513358584770797 42.19095346723013, -1.2503811492436656 42.192215870712964, -1.250610869377355 42.19297981204743, -1.2543877907748138 42.19456799254699, -1.2572705915924658 42.194645630749775, -1.257031454181547 42.193753218231684, -1.2572129936352994 42.192650637547885, -1.2587077915644478 42.19162420164784, -1.2609492853647248 42.191276473846195, -1.262692524469612 42.19127086714562, -1.263951547837342 42.191800131030305, -1.2652414728626384 42.191554985752326, -1.2665781100948406 42.19195224017464, -1.2667678356474972 42.193362058916186, -1.2659078646105182 42.19352550351936, -1.2647590697998898 42.19331397563947, -1.263670983644087 42.193937578665356, -1.2631960769344073 42.194600959707735, -1.2640812136761321 42.19598283653148, -1.26392781204161 42.19747088521907, -1.2618372101624438 42.20109852743778, -1.2606246716616867 42.20121165752503, -1.2591063381831933 42.2019169181956, -1.2584574242667017 42.20258726415662, -1.2578474687176628 42.204995651159464, -1.2586719932940331 42.205542430786714, -1.2588289174598617 42.206502584047186, -1.2584827890263994 42.2077406497851, -1.2573773684229674 42.209331334238236, -1.257003212583807 42.21018393948254, -1.2570638366248068 42.21101910208231, -1.2579444120434715 42.21233681136351, -1.257932084163635 42.2133681949967, -1.2586744302635438 42.213982712345356, -1.2598872363343347 42.2138696029523, -1.2609027744634658 42.213442246835726, -1.2619649875721963 42.21365731373014, -1.2625970680921632 42.213954079898414, -1.262194942379721 42.21442124783324, -1.2622789921593343 42.215577628227415, -1.2624575909919329 42.21563488569641, -1.2642464727663607 42.2150475699749, -1.2661830396269655 42.21529188977328, -1.2672004155268861 42.216088589956634, -1.2673780710646179 42.21852983513085, -1.2657181462318532 42.219691901752206, -1.265156082795653 42.22035880583442, -1.2649418965104093 42.22101172763898, -1.2650400290632797 42.222360845341484, -1.264689265329681 42.223534708789195, -1.263445349648764 42.22442229525437, -1.2633040938750029 42.22487899073621, -1.2637903762800078 42.22556820502888, -1.265090390941998 42.22545154060869, -1.265992901341572 42.225866292300346, -1.2674734179524674 42.2270309822271, -1.2683759694824712 42.22744571438372, -1.268765994681266 42.228009917708064, -1.268483546477259 42.22892332640349, -1.2679897034804544 42.22932977775441, -1.2677212667882718 42.2304359182364, -1.2677605516303228 42.23217401035151, -1.2670103838764208 42.23265519492954, -1.264323047739001 42.232892051342255, -1.2626813418705394 42.23431106697077, -1.2616841371152117 42.23499542879827, -1.2614342365687963 42.23635853958839, -1.2598174125320674 42.23932288923462, -1.2598781067387652 42.24015807657874, -1.2590564642403628 42.242059587551424, -1.2581787609624637 42.24319014985226, -1.2580420861263275 42.243711093122364, -1.2594388577751043 42.243719497067936, -1.2604969438535742 42.243870340203856, -1.261775761258082 42.244656642029724, -1.2621845245192629 42.24547786193151, -1.262139561384526 42.246059564302215, -1.2625389949118981 42.24675229294197, -1.2661316462526933 42.24815439766671, -1.2664179110662765 42.24968929789297, -1.267289921400997 42.25087849344579, -1.2671317798419317 42.252302389513254, -1.2664561824987417 42.253811513358215, -1.2666507826676137 42.25528567274536, -1.2661603822187326 42.25814047100337, -1.2661079320958086 42.25981786549751, -1.2639666978115456 42.261579150142616, -1.264151910470956 42.26292483318353, -1.2640573202502297 42.26402401506793, -1.2644633780589434 42.26600517967002, -1.2654441937708825 42.266287965612506, -1.2659401999246518 42.2671056944387, -1.2659420343190138 42.2683298805591, -1.2646925110250835 42.26915327750113, -1.2652399790198325 42.27067772995119, -1.2657266639463471 42.27136696935511, -1.266523137909947 42.2739123825669, -1.2670239030310484 42.27479436031017, -1.2663480437785901 42.276303519845314, -1.2646864630653858 42.27746564262032, -1.265426837459062 42.27924010801061, -1.2645195707163364 42.28236944111813, -1.2637050521080828 42.283175363032576, -1.2632358773864103 42.28512726430506, -1.2632966677073056 42.285962490712286, -1.263701063501729 42.286719492854495, -1.263385518214921 42.28718320750508, -1.26024800885988 42.28846891169596, -1.2584988878130632 42.289634444320626, -1.2576998599330498 42.291857289666524, -1.2579487495675337 42.29287829286484, -1.2583437811519869 42.29350682301429, -1.2590748214227891 42.295152864829085, -1.2582477104315946 42.29699023234176, -1.257428231686925 42.297731869475804, -1.2566631302843645 42.29802026688951, -1.254591704890417 42.298360970476836, -1.2525840162870199 42.298376900891746, -1.2516120545302294 42.29822248573809, -1.2479916409200535 42.29888276836752, -1.2458595781790174 42.29838805528537, -1.2443963145587917 42.29747997433591, -1.2410404680112874 42.296969608281415, -1.2395646457818619 42.2970929366604, -1.2370471876183529 42.29609794584778, -1.235686345535811 42.29660324816991, -1.2338528850262016 42.29661188201332, -1.2319056057503344 42.29746267544809, -1.2313563385681054 42.29832220756677, -1.2320541791928552 42.29951868955095, -1.232523276202126 42.3011753293484, -1.2321318577785925 42.304219393669705, -1.231738156247804 42.304814993234, -1.2314594037905875 42.30579262947726, -1.2318042840065089 42.30693874294019, -1.231553381746953 42.308301888249325, -1.2317379977903273 42.309647694656064, -1.2334359746286645 42.311384288409165, -1.23423506295124 42.312770056997245, -1.2346857390838486 42.31416970484197, -1.2353931323913168 42.315494687961824, -1.2359623051833897 42.31611637364642, -1.2377464654941766 42.31662518769124, -1.2390625083345626 42.31670158471149, -1.240582015655242 42.31838077424859, -1.2439092324878362 42.320889915435075, -1.244231153971012 42.3217147493433, -1.2440084258841593 42.3234634548454, -1.2444873700659804 42.32524858728977, -1.24441421768175 42.3254448211548, -1.242365033917938 42.32610655533104, -1.2393886547710047 42.32603197597246, -1.234375757782935 42.32558738793833, -1.230954479322815 42.32540141970235, -1.2259417003194053 42.32495643464553, -1.222616883954938 42.32489523986881, -1.22085113432125 42.32464317845969, -1.218626604925073 42.32408711269738, -1.2170351526679195 42.32382807293765, -1.2142786759647095 42.323164147350305, -1.2091144116538304 42.32182228491111, -1.2070735849691183 42.32138758560198, -1.202125395630808 42.32061676719551, -1.1991355209870143 42.320348302681744, -1.197649807938021 42.32034254577938, -1.1960355240690868 42.319761926019204, -1.1943982554253871 42.31886001477194, -1.1916422689986834 42.3181955062942, -1.1884921146397516 42.31812637470509, -1.185809730514502 42.31848977412662, -1.1837142124110882 42.31850783552071, -1.1821506052626252 42.31863379893003, -1.1790554763503154 42.3193354358455, -1.1775560363128639 42.319136635930775, -1.1745939119663924 42.3180287542577, -1.1729616014908377 42.31719076902757, -1.1696652642899832 42.313840697931035, -1.167909435622803 42.312492023356214, -1.1677121237332722 42.313401829932296, -1.168074307000016 42.313580928763095, -1.170008815100199 42.31621127038489, -1.1707698505386106 42.31708348701104, -1.1722370410665544 42.31805685370233, -1.1753183227246182 42.31961115925388, -1.1765747297930018 42.3200772776024, -1.1792297477367908 42.320552840295306, -1.1825405005583607 42.32042262817863, -1.1833292153819865 42.3204560274254, -1.1847553623504878 42.32085093810292, -1.185498302357593 42.32146603738672, -1.1853653924736496 42.322051184508595, -1.184127369076935 42.32306644348649, -1.1825774132909659 42.32338517638687, -1.1815914527004143 42.3230373545561, -1.1797113165639468 42.323626771390806, -1.178876711428743 42.32417506046561, -1.176455384864648 42.32452795104164, -1.1755428230573475 42.32398388593398, -1.1751438918430428 42.323290773695035, -1.1751577001803086 42.32225927884539, -1.1745936948199478 42.321701518532194, -1.1716360753369917 42.32065780594922, -1.1700540777371489 42.320526573618494, -1.167211164193426 42.31986484890185, -1.1663033333939605 42.3193849619026, -1.1641849261283177 42.31908136519485, -1.1626212617494358 42.319207041678794, -1.161199870931622 42.318876089922625, -1.1586965011516266 42.31807198660605, -1.1562023227190303 42.317396335076914, -1.1540475681176663 42.316578497427905, -1.1472943619363867 42.314973641249175, -1.1462170838190708 42.31456463863837, -1.1428793025194202 42.31430818745202, -1.139867306194501 42.31371678269397))",2021,2732860.54,1793.0,0.0027176835009663537
92,211003504,10361,2022.0,0.8929535637149028,89.3%,1579.0,1620.0,1711.0,1780.0,1851.0,1853.0,194.9,201.6,Saint-Remy-sous-Barbuise,10,"POLYGON ((4.077473697275853 48.463649389318256, 4.072958503367802 48.46684644920921, 4.1101699173192685 48.48434632314275, 4.110026712881306 48.4867952790924, 4.118467801119397 48.489421353008744, 4.125098281658741 48.48942314563067, 4.157977251472945 48.49471094338869, 4.16268321436504 48.49144441633214, 4.167475970649265 48.492105933000225, 4.17296712495674 48.49346888782194, 4.17663942089206 48.48763553309175, 4.179213574468246 48.48503353432171, 4.181260980634827 48.480697587382345, 4.164914918377128 48.47776727520697, 4.163724322210823 48.47243274038003, 4.149055363407799 48.47025675885565, 4.129480635126821 48.46651543926194, 4.118016569260962 48.4636609880517, 4.101341123037021 48.45853505778199, 4.095756687199086 48.46644499810536, 4.0883015005232055 48.464130333420904, 4.085145851029721 48.46705774516872, 4.077473697275853 48.463649389318256))",2021,89736.04,240.0,0.020649451435565912
93,216208819,62881,2023.0,0.891866156991312,89.2%,4419.12,4507.32,4594.54,5062.16,5195.91,4964.49,5180.53,548.51,Beauvoir-Wavans,62,"POLYGON ((2.1417100691164976 50.20265373892531, 2.1516542650274215 50.20471575085208, 2.156057871100705 50.206610483993, 2.156782907548046 50.211501567296445, 2.154008689540064 50.21463276498262, 2.1470877940506594 50.218506702019624, 2.142797014771633 50.221819974681125, 2.14499873455495 50.228778572693294, 2.1447731859337558 50.230191370205794, 2.1481346518232045 50.23420059914347, 2.1523379140683523 50.23615827593296, 2.1569235144215892 50.23940418836899, 2.1622903471683874 50.23204763375349, 2.1696131598345496 50.22830419801302, 2.173367123525275 50.22691510378035, 2.178899338053296 50.22778789336958, 2.1846096136732247 50.230140257715924, 2.185297362273869 50.225001682905436, 2.183219355766016 50.22254491097459, 2.183761795863913 50.22016979240592, 2.1896699471104344 50.216415734179066, 2.1957888276324504 50.21838457197966, 2.1999791011148244 50.214811648071176, 2.2018139032424764 50.21353776080251, 2.197015983426832 50.210934931047056, 2.186948328973261 50.21009732985473, 2.180710250566549 50.2093487526894, 2.1773071558742365 50.20784735628066, 2.1738581511127943 50.20917435321712, 2.1671265499003285 50.20167119334469, 2.159881388354711 50.19487128365337, 2.1490642897185226 50.19087508792401, 2.1466645681873993 50.19574468279423, 2.146526995775707 50.19792965919642, 2.1417100691164976 50.20265373892531))",2022,219295.28,387.0,0.023623536265805628
94,214800922,48092,2021.0,0.8914810126185142,89.1%,15279.37,14748.17,11103.41,6949.91,10049.45,911.74,911.74,943.65,Marvejols,48,"POLYGON ((3.2568663580497508 44.564531347789895, 3.270764384117878 44.56830074556079, 3.2811315886252626 44.57323756383754, 3.282690810015293 44.57658503620293, 3.2796348146566423 44.582457863900096, 3.285538543157601 44.583473983497335, 3.290115329887835 44.5734721397643, 3.292822572675375 44.57062915526671, 3.293479780662139 44.57488117482845, 3.298569071922817 44.576414362736365, 3.3011079756583626 44.57608521653858, 3.3035474484421052 44.574145008877814, 3.2998003544843533 44.569063616082886, 3.3064050647604812 44.565694047952725, 3.312110043688031 44.56380900119485, 3.314905348431163 44.56077188128533, 3.318590323029618 44.55470295198293, 3.318477445016672 44.550771796011325, 3.3091372412760096 44.551056140665295, 3.300879116588851 44.550176644693394, 3.2981521592754186 44.549023934625005, 3.2971406358782698 44.546384198254394, 3.2929375448870677 44.54033711140955, 3.2936294638382524 44.53389027114342, 3.29453144107037 44.53298556937241, 3.2922330920457417 44.52686894414596, 3.2907766083802317 44.525712695578065, 3.28744270082001 44.52971731255526, 3.283045496788715 44.53875166315587, 3.2796176739399954 44.542369602117006, 3.2695784347211823 44.54793728487156, 3.265690855295784 44.55052471808469, 3.264430480888083 44.55252570342548, 3.2626428972854256 44.55820160632938, 3.2568663580497508 44.564531347789895))",2020,4026553.57,4963.0,0.0024957944369283533
95,213105042,31504,2020.0,0.8901707079152731,89.0%,3721.0,3858.0,3532.0,3644.0,405.67,376.01,385.25,409.34,Saint-Médard,31,"POLYGON ((0.8570484598105796 43.1279123292201, 0.8473744899861513 43.11676868682714, 0.840905224904323 43.11940918182656, 0.8345575384646445 43.12114990987191, 0.8255906180649373 43.121935616697684, 0.8158722998220987 43.12386487414348, 0.8141800451583543 43.12415265347927, 0.8141614109280836 43.12698665706719, 0.8110231898066477 43.130401536454485, 0.8011263953839619 43.1346449572338, 0.8011658752450327 43.135934134048625, 0.8062076922004754 43.13835593103363, 0.80885930310368 43.14079335094163, 0.8138612776591301 43.13960653265818, 0.8270666931906202 43.13446240562469, 0.8336910331966502 43.13246995537897, 0.8418635299580154 43.131667633967325, 0.8489028760034489 43.13039116862244, 0.8570484598105796 43.1279123292201))",2019,190267.21,231.0,0.019152012582725107
96,218705903,87059,2018.0,0.8899387924836314,89.0%,48771.93,45629.33,5191.98,4110.3,4215.17,4443.42,5905.87,7303.01,Le Dorat,87,"POLYGON ((1.0633047187728109 46.23574462431315, 1.0649229623782768 46.23228986686019, 1.0695225166793805 46.23178763050862, 1.0720139301785285 46.23273269665145, 1.076473392758507 46.22822962964406, 1.0781772417886701 46.224969606964514, 1.081836226980242 46.221936010413536, 1.0898513554788658 46.2226512766901, 1.0938496345222344 46.22059030073226, 1.0963578330655228 46.215666857061684, 1.0983868226088889 46.21376621066303, 1.1060073627145568 46.21234571168595, 1.1054936364551304 46.21098294356624, 1.1092123934549476 46.20343546600574, 1.1117853457044284 46.201995041538716, 1.1187346292481628 46.201013973793515, 1.1194011540866802 46.197929670954316, 1.1179599490957968 46.19635815675183, 1.112716721827936 46.196658153934095, 1.1073445030154 46.19527911965652, 1.1021306406579767 46.19203236514897, 1.0948982369973033 46.19042819866201, 1.0908904731838027 46.18745906216186, 1.089128526244502 46.18439858149297, 1.0859078121837247 46.18299016761831, 1.081330540532516 46.182977478076396, 1.0733653999779886 46.186325038245435, 1.0624180070946392 46.189427800135356, 1.0596121049248433 46.189508912341346, 1.0390067584073657 46.185672973717466, 1.0327717217292454 46.184984841545806, 1.0310278738922038 46.1919193332105, 1.026724254284842 46.19726169299182, 1.024672994520826 46.202320616090276, 1.0275198921479753 46.21410682304647, 1.0313555280838569 46.21662381863156, 1.035153547428937 46.2175923258867, 1.0422065080403384 46.21642420741354, 1.0450643922229483 46.21492567115305, 1.0519816422736004 46.217559372298844, 1.0583935853586541 46.221280296860456, 1.0582088021362313 46.22385662693298, 1.0564172161421932 46.226921410017546, 1.0568613017841164 46.2302178395581, 1.0633047187728109 46.23574462431315))",2017,1589566.27,1787.0,0.02870552229319763
97,213403082,34308,2021.0,0.8897863846774536,89.0%,14224.22,12813.91,13442.42,13870.33,14386.07,797.89,1846.08,2027.39,Taussac-la-Billière,34,"POLYGON ((3.078898139170097 43.60626871052978, 3.0761368503252142 43.60929826019126, 3.071776610980774 43.61806191919147, 3.067585843861646 43.62031920411374, 3.063303456568888 43.62070828547616, 3.05937611693895 43.61935774229833, 3.053391946974902 43.61272590159631, 3.0502702650532982 43.61362922581012, 3.0479521853164027 43.61543394577505, 3.0502761923331216 43.62039300631952, 3.0545613402211917 43.62283879286859, 3.056082204542824 43.62689631072697, 3.0527835132649916 43.6301832545947, 3.0531453703300095 43.63546532797733, 3.0590381820951915 43.63778133021968, 3.0572540975486358 43.63874855315385, 3.0645811922989936 43.64608811178954, 3.0630704828921713 43.65227316475234, 3.063073459299062 43.65497874385361, 3.064861230216229 43.65691025310284, 3.0760284280498196 43.6621209471511, 3.0812077237033533 43.662439298404095, 3.08566725891678 43.65908609372381, 3.086645798077819 43.65670182317906, 3.089945185083553 43.6541223969603, 3.0935208179667466 43.65688938489212, 3.0965487090423385 43.65231301413312, 3.0991293317554756 43.64747930795966, 3.09707421587962 43.64632163211816, 3.081445209951006 43.64105217122304, 3.0850089218285275 43.636604603840176, 3.084556685166917 43.63254663648787, 3.0874960466894987 43.62880808915237, 3.094627471431144 43.62416406010502, 3.1019373341445213 43.620163581160654, 3.1041667893378198 43.61951729585993, 3.1063880707583413 43.61449061609928, 3.1024586475503435 43.612304218178174, 3.092822832467907 43.61179754112689, 3.085146584252123 43.60909832433918, 3.078898139170097 43.60626871052978))",2020,305517.55,457.0,0.047087540470261036
98,213304363,33436,2023.0,0.8895820149980134,89.0%,20402.08,21957.38,18935.75,19497.14,17947.77,18635.38,19417.66,2100.87,Saint-Magne,33,"POLYGON ((-0.7139838258025195 44.56620769621544, -0.6960202865614636 44.577585718642936, -0.6805243005911549 44.590684997646534, -0.6619055418785964 44.60898265133766, -0.6190609009710399 44.61123344171176, -0.6152141125359601 44.607939892251466, -0.6090305042310865 44.60362578998403, -0.6126986726891119 44.59563458474606, -0.6159118241581492 44.58198052534993, -0.6078896097329614 44.56308115990291, -0.6021032413179508 44.554947424050766, -0.6016957858935968 44.55283165753828, -0.6038297172851885 44.54643931515746, -0.6043244241118942 44.53997146255071, -0.6034768516097855 44.533805541413166, -0.6071043496009023 44.52239657923839, -0.6121669987810525 44.51784376435489, -0.6125825772064011 44.51583013963492, -0.6214305533100849 44.51231410686911, -0.6294848539224857 44.51340416852408, -0.6369657885528649 44.511222179312576, -0.6425167260268156 44.51007119861846, -0.6520508407795722 44.508788081694924, -0.6587238849476265 44.50676036405628, -0.6615482650709498 44.508344081554945, -0.6678004989494796 44.50962021294216, -0.6804095569892019 44.509587195054095, -0.6880161453769104 44.510752469508894, -0.698421174164037 44.51169436946965, -0.7042364400634228 44.51182177489151, -0.7132314856335202 44.5133903314936, -0.7151142151202063 44.514423764439684, -0.7172513423261287 44.519319824597794, -0.7190487135922584 44.53558300716022, -0.7202231149305779 44.54238265818353, -0.7223518470046566 44.54850491970174, -0.7229280724780061 44.55448599355251, -0.7190489874322359 44.55900426584511, -0.7139838258025195 44.56620769621544))",2022,1500733.2,1063.0,0.012938782189932227
99,216901629,69162,2023.0,0.8891361076775168,88.9%,14244.0,15206.0,16209.0,16581.0,16720.0,17330.0,19075.0,2018.0,Quincié-en-Beaujolais,69,"POLYGON ((4.578112003741086 46.12953824390048, 4.583229027329916 46.13546374852187, 4.587205220656805 46.13740715976988, 4.592855750414877 46.14235757869827, 4.600460605270658 46.143862705279524, 4.602016761240001 46.142809067380405, 4.602742516355513 46.14208953458792, 4.612254592579772 46.13860187551041, 4.620337506056321 46.13416657792144, 4.62677627889447 46.130979403904476, 4.632599672533724 46.12909033966842, 4.634512566642462 46.12751525629918, 4.630820993162086 46.12576284447972, 4.640940902723828 46.120909859391375, 4.64791135962839 46.116875491177794, 4.646441886693916 46.108320689147995, 4.642200661233474 46.10999417973007, 4.633974654337828 46.106308453422386, 4.63149858389911 46.10460305946755, 4.623449143150205 46.10052716245696, 4.62038764294824 46.097927162708565, 4.616911783579326 46.093914391665834, 4.616348932108163 46.09063384416088, 4.614775959504201 46.08788352744535, 4.604817107989133 46.08215699786082, 4.5990565788516795 46.079659075795206, 4.591688122301767 46.07956924808822, 4.585052050471042 46.08224140377683, 4.583769170512394 46.086257151335985, 4.587450913704354 46.09104179228052, 4.587997136308495 46.093806841768824, 4.591965056845205 46.09878078595758, 4.592504107841124 46.10128799255345, 4.586902169821971 46.10755664784163, 4.584934421767146 46.110485790504654, 4.584456734345505 46.11332962714413, 4.579762543220547 46.122035501741706, 4.578112003741086 46.12953824390048))",2022,925094.27,1365.0,0.020619520213869664
100,210600219,06021,2023.0,0.8888572780116796,88.9%,7920.14,8708.78,9635.9,7631.03,5977.48,6209.01,17552.15,1320.44,Bonson,06,"POLYGON ((7.196906659109072 43.86016428706773, 7.195352138447042 43.858546643840945, 7.1965940776501 43.85469227908488, 7.195848459461007 43.84943051321793, 7.194928808520275 43.8442399801111, 7.187876916282682 43.847156359050565, 7.180876131081703 43.85077998843404, 7.176101769112684 43.85173719682892, 7.1692032399891605 43.855549670892984, 7.160838634701521 43.86141765962006, 7.159420658273272 43.862891130042556, 7.159481210032784 43.86495335670658, 7.173322130698167 43.8713923782667, 7.177273862262862 43.875112147937884, 7.183920267846322 43.875179953025246, 7.186869154183819 43.87622811087229, 7.189262492481215 43.87826531434078, 7.191174832782459 43.87741761661611, 7.195073556558947 43.87184814542101, 7.1974889969754505 43.86930348822502, 7.198034101628725 43.86573398214783, 7.196906659109072 43.86016428706773))",2022,709364.85,735.0,0.024743472981498874
101,212802599,28259,2023.0,0.8876526345029129,88.8%,3858.44,1962.02,2523.04,2598.12,2962.41,2525.0,2731.02,295.25,Montboissier,28,"POLYGON ((1.3782764703253103 48.20201373586829, 1.3743351819412042 48.20402136519959, 1.3729855007677376 48.206902203567644, 1.3744494813604209 48.20975734610027, 1.381254746211505 48.215585177383446, 1.3847286640603056 48.222526826737855, 1.3846596471745407 48.224780954928136, 1.3820747740387584 48.226807366077956, 1.3821996283958808 48.22906414203623, 1.3860183516448619 48.231113702129726, 1.391121982087003 48.23240747087596, 1.4002453424979209 48.23555953453082, 1.408100841987779 48.238951520077315, 1.4112092052638887 48.25175032719364, 1.4177474526058598 48.250613869308246, 1.4234213263297688 48.25565068013818, 1.4271109629246692 48.255635395847456, 1.4302731879191297 48.25703041957017, 1.4325154658310284 48.25345217830598, 1.4350394336884675 48.24691390006256, 1.449156509559234 48.248775094133585, 1.4514034014243622 48.2482891229288, 1.451772025646869 48.24565238432277, 1.4500113121778648 48.239508583607886, 1.4495144174630314 48.23660276523404, 1.4397314534145842 48.239244464771055, 1.4387216993316718 48.234012369370696, 1.4261167743238692 48.23365188075443, 1.4236008237280715 48.226917659535566, 1.4204540782711874 48.22507159847532, 1.419070169405292 48.219447669724445, 1.4155319878188877 48.21450355921256, 1.409927260348331 48.210562409129146, 1.3954946624893383 48.20669467238018, 1.3858922664359694 48.2066927010078, 1.3819584214126925 48.20212866898046, 1.3782764703253103 48.20201373586829))",2022,155777.45,335.0,0.017531549014314973
102,211700745,17074,2023.0,0.8874518174844018,88.7%,15179.400000000001,15111.12,15899.779999999999,17068.23,19955.15,21030.09,20434.64,2333.39,Bussac-Forêt,17,"POLYGON ((-0.3342753338877729 45.21109364836732, -0.3367377779344119 45.20772951364037, -0.3393879813287236 45.20597272477283, -0.3473309317013396 45.20212164995849, -0.352367793152552 45.200357461423664, -0.3592052265608369 45.196474173864075, -0.3628050988595784 45.19068787266049, -0.3639741043505028 45.18723299980173, -0.3624916467734902 45.18243856991843, -0.3590851898878278 45.1777020731154, -0.3586785252939304 45.17552059496622, -0.3626823704076421 45.17036733538358, -0.3660885087366277 45.16749019874016, -0.3675471904442231 45.164284629520395, -0.3749814358946118 45.15973700749539, -0.3793626650587628 45.156313751179056, -0.381967896151962 45.14933096867867, -0.3835477462164231 45.143605145530465, -0.3847814539874254 45.14730995833589, -0.3876326171586583 45.15044947086121, -0.3907924316364296 45.15564424243333, -0.3938487306656958 45.165165086717884, -0.3973764248783377 45.170348540399516, -0.3969594705416502 45.17707157535037, -0.399020936192647 45.1792670848174, -0.4005798422803389 45.18225215212327, -0.4011059431510165 45.18636557573789, -0.402911294285948 45.19037548046179, -0.407717959005999 45.193906629588426, -0.4176062588517124 45.20392803918775, -0.4208280243538416 45.20853958983985, -0.4165487582944469 45.212154916894015, -0.4132576041782743 45.22141794783599, -0.4131845670726643 45.22322684531056, -0.4060304476776214 45.224929332733964, -0.3996395736923503 45.22860833994096, -0.3956473411860226 45.22943955590649, -0.3859547095958761 45.228701481112715, -0.3802958398325091 45.23235713680291, -0.3716637831777986 45.23700559329067, -0.3648043689380999 45.242116139654456, -0.3531746827542645 45.23517487796747, -0.3439093067948477 45.22777460583434, -0.3356136175967272 45.21350546601572, -0.3342753338877729 45.21109364836732))",2022,1147542.87,1068.0,0.017807299870200053
103,212404644,24464,2023.0,0.8866627148784825,88.7%,3566.1,3305.0,3458.0,4785.0,4136.47,4139.0,4296.0,478.0,Saint-Mesmin,24,"POLYGON ((1.2819044734173226 45.342106289157066, 1.2801364982786367 45.33679176205853, 1.2700580467902745 45.32657753021176, 1.2651119272970996 45.322954550451755, 1.259674606274012 45.32035539285585, 1.251808256322166 45.32190927799395, 1.2386339096167334 45.32260543358815, 1.235892345462673 45.32204640428987, 1.230272403657012 45.32234455905426, 1.2214259511371877 45.32575077708134, 1.2129337678936318 45.32954886045087, 1.2073834834235881 45.32765462336968, 1.19994101338265 45.33024339865402, 1.2017132461167332 45.33233529715123, 1.2003510341851766 45.33463474232578, 1.1970535343013198 45.33703198343557, 1.189600948664531 45.33987786830953, 1.1874625006350201 45.343389772910726, 1.1870183372146792 45.351378354225744, 1.1862548120415668 45.35504146971902, 1.1866513375306893 45.35981957185524, 1.1943617822290427 45.36329722672272, 1.2021356524081859 45.3648408965275, 1.2059408447836615 45.36387020640708, 1.212376520395982 45.3641020796459, 1.2186146447990762 45.36188013821084, 1.222586059331503 45.35568853296386, 1.2288005767948091 45.35127330913423, 1.2338633705893303 45.3541259741751, 1.2357072703487668 45.36273105050779, 1.2325506463574485 45.366485679597794, 1.23086573061231 45.37026348392983, 1.2346891984341772 45.37161343813576, 1.241585945237555 45.37185088312344, 1.2472182335712463 45.37716214071863, 1.2495025205433634 45.377713709151436, 1.2543897618852191 45.37746756636623, 1.2624191927795096 45.37978475312265, 1.264800218028467 45.37724242005897, 1.2668015687971041 45.36914881357494, 1.2652398614616494 45.3660940373211, 1.2651422474858602 45.36331985079058, 1.2711242154160032 45.360381764098925, 1.2701064330470417 45.35759337894869, 1.267298930244305 45.35613139890239, 1.2641341594098152 45.351375293510706, 1.2689571082092779 45.35016034779352, 1.2743017967287564 45.352886550156846, 1.2790705320431834 45.35044520678374, 1.279821913310257 45.34697481324134, 1.2819044734173226 45.342106289157066))",2022,283763.77,331.0,0.015139353413580598
104,211300389,13038,2020.0,0.8858144229769699,88.6%,36833.840000000004,36852.920000000006,36850.56,41359.229999999996,4475.26,4230.98,4476.83,4677.79,Fontvieille,13,"POLYGON ((4.758457507965077 43.69586993664863, 4.755369283579112 43.69424445738859, 4.716345824406453 43.69815322517685, 4.70854087933795 43.700144684428466, 4.696177545411675 43.70214228715986, 4.691577851898902 43.700731868410564, 4.689413081448397 43.69702825206023, 4.684527058735034 43.694977643974326, 4.669446720513033 43.695725538570954, 4.6675247396479165 43.69723700933201, 4.667329876456642 43.699752954912725, 4.668940422710972 43.70288558177672, 4.668836817011496 43.705464575771025, 4.666335957387006 43.70859578589144, 4.659687239615728 43.707408675130694, 4.651605270362354 43.712299818064245, 4.659192901199539 43.718112476748686, 4.6656609544592 43.722266455167265, 4.672928635558622 43.7262144820302, 4.679705085310638 43.72862315592999, 4.682956620494476 43.7297327977673, 4.695650089149697 43.73262880764533, 4.703526987493229 43.732892472213805, 4.713896959996134 43.732794167276815, 4.719794872151463 43.74159352964009, 4.721597948724392 43.74504467434461, 4.727018205830108 43.7497916994381, 4.733504514039696 43.7542637685517, 4.738903144786138 43.75823734045661, 4.74264695571762 43.75779087724633, 4.74951162031734 43.75993619504424, 4.754064190304154 43.75960522469284, 4.759129147092015 43.761392279386676, 4.770279099374653 43.76030949717982, 4.771629442595775 43.75191045590569, 4.774052563903147 43.74639370780538, 4.769257872041726 43.733068518947384, 4.766808798876584 43.72904869407587, 4.762447692959017 43.72389992403702, 4.756007991990078 43.720910992949044, 4.751683243671786 43.719820799938915, 4.751241109487917 43.71705711469568, 4.754048321836787 43.70947278304777, 4.758333861671533 43.700575796446685, 4.758457507965077 43.69586993664863))",2019,3814693.69,3718.0,0.010842084151715992
105,215301359,53135,2023.0,0.8856783666394574,88.6%,338.22,357.04,4076.8,3789.56,3941.28,4076.17,3862.31,453.77,Livré-la-Touche,53,"POLYGON ((-0.9525703496467732 47.910477936320746, -0.9622260994264596 47.906604175493065, -0.9635271594881215 47.89817369328677, -0.9637877395078155 47.89261684538669, -0.9619157408687041 47.88822873861483, -0.9595240818659794 47.88463229400995, -0.9557803264802287 47.88101690381101, -0.9606945275721606 47.87962531129162, -0.9647083107593619 47.8803928692268, -0.9681831179843828 47.88298489012194, -0.974637564277606 47.884121110137265, -0.9746421346483017 47.88160494549259, -0.9724184067611932 47.878970735987544, -0.9642131209059444 47.87505504265107, -0.9626350613842919 47.872011756959076, -0.9652099774899516 47.86644109145755, -0.9649840912847627 47.86341660260665, -0.9654077466225086 47.860047572416356, -0.9729558923720234 47.85521152274935, -0.9776461167118237 47.85472989428156, -0.9818413345741418 47.85665192439303, -0.9903482452635921 47.86074965283008, -0.9943513482852695 47.8613875057456, -1.0069133843529212 47.86166849435941, -1.0106183687134818 47.86218695911614, -1.023311383492514 47.86801007591345, -1.030362126117694 47.86938082067458, -1.037207724166484 47.87185499058417, -1.0373969527908595 47.87307428059718, -1.0309931372185748 47.88658479247705, -1.0299093113753188 47.890105853853846, -1.0236897931693032 47.89464185188207, -1.0189817729787773 47.90002890254612, -1.0113973883044858 47.90441735183275, -1.0088430183353694 47.90766581908325, -1.0088371147282955 47.912698068248496, -1.0121169268073806 47.91903731564137, -1.008233824331018 47.91749265331676, -0.9990735012379311 47.91767611691147, -0.9857449376436095 47.926645100676865, -0.9844973552326647 47.926751966867286, -0.9777965668061476 47.92497936770791, -0.9766642997387995 47.9227598275299, -0.9725410936129525 47.920577034153155, -0.9648782162204961 47.91883629115655, -0.965061681183863 47.91354015946543, -0.9577373088181678 47.911142435327044, -0.9525703496467732 47.910477936320746))",2022,411097.06,759.0,0.009395129218389447
106,212310007,23100,2023.0,0.8845262370695862,88.5%,5227.25,6915.71,7161.35,7667.620000000001,7526.73,8431.42,8791.54,994.4,Jarnages,23,"POLYGON ((2.1029021676255493 46.175320478639975, 2.100814750797757 46.17162907731497, 2.0901684648034355 46.1716732928744, 2.079988320259996 46.17732937031519, 2.0744985260537496 46.17612430175031, 2.0702834451626804 46.17686356979718, 2.0618934011768277 46.18143664529488, 2.0623917183313996 46.190531358323426, 2.057761880275838 46.193587755732906, 2.060039585857425 46.19695916983018, 2.066368697942288 46.203845371845645, 2.0659664459665996 46.20551834649645, 2.0697100953516108 46.20516219920916, 2.0801684764081005 46.2055696319573, 2.0891257350875603 46.206350920335076, 2.0950266549162944 46.20549542311242, 2.100959104767135 46.202705713457384, 2.102695578512368 46.19936689005427, 2.0972317367494746 46.19642240462654, 2.0950355984268865 46.19363265107638, 2.091136621335591 46.18650962459246, 2.0977017974551337 46.17921210980425, 2.0996276543320125 46.1756814187426, 2.1029021676255493 46.175320478639975))",2022,450808.74,449.0,0.019501707087577765
107,217302678,73267,2017.0,0.8835682103335272,88.4%,3591.14,591.26,200.91,415.72,436.2,461.91,380.46,440.4,Saint-Pancrace,73,"POLYGON ((6.314963557363242 45.25560717241745, 6.309438736550104 45.255448347377545, 6.3063646909004225 45.25631360210606, 6.304670721752934 45.25875097260765, 6.299516242748079 45.26019370265783, 6.289761992473014 45.26002965935334, 6.278147964793961 45.2626291647788, 6.267756560497301 45.27041775472085, 6.262140979349815 45.276582088653655, 6.263486517362334 45.2775751202218, 6.265415521017901 45.275970319387284, 6.2706187679938505 45.27375356444579, 6.280090202428933 45.270637137396804, 6.289762625521735 45.26938504498433, 6.296772576594845 45.269759163893454, 6.309285945493648 45.27145400149523, 6.321635335265485 45.27192643224386, 6.3274987257703215 45.273106967924484, 6.332856509594506 45.27197950365467, 6.333371874897517 45.26983492106606, 6.327178497805375 45.26466420241384, 6.31884876733459 45.259105007081715, 6.314963557363242 45.25560717241745))",2016,,,
108,212705362,27536,2023.0,0.8808711325933926,88.1%,3306.5,3375.59,3408.34,3460.35,3545.02,3665.94,7241.24,649.68,Saint-Éloi-de-Fourques,27,"POLYGON ((0.8211875044777236 49.24367234799042, 0.8253187010032526 49.239561898466505, 0.8227994878710024 49.23829311076762, 0.821950468744232 49.23261184552197, 0.8254240974662097 49.232352628470956, 0.8284693867663441 49.2281580645116, 0.8293002028564985 49.22250705542224, 0.8268616337856309 49.22169047439749, 0.8208445356551243 49.22364219421315, 0.8140370871876199 49.220879068657524, 0.8114436247414752 49.223729400585036, 0.8076030490536659 49.225655584914364, 0.8023314046145209 49.22633221977588, 0.7968122741752635 49.22352721525697, 0.7901897595805608 49.22572390551339, 0.7877238733659448 49.22786782534067, 0.7832756508769534 49.22778610122518, 0.7815289599705926 49.22929925209063, 0.7853838351664624 49.23168806018, 0.7844381743709878 49.23759423838686, 0.7802977709915345 49.24414985143517, 0.7782537903244063 49.245657468222696, 0.7760063813081307 49.247290070080865, 0.7841316295858998 49.24705334251525, 0.7868315667994777 49.24871256613116, 0.7895261735832012 49.25050039622596, 0.7969073484959677 49.249154610888475, 0.8049224573821322 49.24685414309618, 0.8118292559506667 49.24266586967746, 0.8211875044777236 49.24367234799042))",2022,241190.19,553.0,0.030022945792281187
109,211703012,17301,2023.0,0.8805209110063954,88.1%,1620.48,1661.27,1690.75,1735.28,1806.47,1405.06,1826.97,193.08,Romazières,17,"POLYGON ((-0.1922848548231755 45.98321986317238, -0.1888463761048098 45.99138189548916, -0.1844392691145258 45.99731280762303, -0.1830259405055129 46.00025598005818, -0.1758939192463205 46.002585401658266, -0.1750381109256837 46.00551282187813, -0.1752575053049372 46.01092639429114, -0.1744610967540442 46.01327145555943, -0.1645463525325036 46.01909762340617, -0.1629683389578918 46.01920621481145, -0.1629439978624436 46.01230324363214, -0.1586222738780054 46.0051976068684, -0.157454828801372 46.00271388333312, -0.1580552342171934 45.99856786429247, -0.1608889451415342 45.98952051248334, -0.1699917954114681 45.982620413964995, -0.1711151443299931 45.98110498291598, -0.1702861366515021 45.978031224209204, -0.1741318065882891 45.97043907349211, -0.1793301656025812 45.9717771424324, -0.1831672796711507 45.968894897117075, -0.1877109448709886 45.968573449671965, -0.1938502506047005 45.9700779139483, -0.1986778618517482 45.97303860187002, -0.1937715304529032 45.979951873024284, -0.1922848548231755 45.98321986317238))",2022,59939.28,71.0,0.03048034611026359
110,212901029,29102,2023.0,0.8790202607552662,87.9%,12486.79,13896.92,15643.68,18742.26,19572.3,18769.93,14712.04,2025.32,Landeleau,29,"POLYGON ((-3.69601721972734 48.26493535347198, -3.6974805149125145 48.26265427259382, -3.7022852847330663 48.25830856963735, -3.7098478198632243 48.25496945175668, -3.7113398934975446 48.251393511902016, -3.7105698151431334 48.24917460359837, -3.702386684278151 48.247635796767035, -3.6983293530604637 48.245603598822846, -3.697805082753405 48.240720074132476, -3.700608851377294 48.23597070759155, -3.703412535285927 48.235811350458775, -3.708042718305513 48.23852191538068, -3.7126620514573787 48.23961669226017, -3.7177682684394147 48.238420804701775, -3.72002789470916 48.236287886411745, -3.7206896934058915 48.23308228476546, -3.718865787481678 48.22413512044153, -3.7140855315580574 48.22253260357933, -3.7058573702219606 48.22060890067982, -3.7036709680562887 48.21872910599015, -3.7055028712584215 48.216297493869384, -3.7144086742419056 48.21514398983354, -3.7209605986597456 48.216904060551464, -3.726237279568219 48.22087007555968, -3.7316350068252624 48.22120846710933, -3.7364800105528344 48.219509327200015, -3.7394435010535614 48.216042633805046, -3.7496440276836287 48.21739852868969, -3.752583385968696 48.2258937372865, -3.7561278411780403 48.23150946286669, -3.7602170246473388 48.233020707941904, -3.7627570597074387 48.23914643527664, -3.767068739584968 48.244653239908686, -3.7709935501017866 48.25244499865902, -3.7705916468539913 48.25537746825813, -3.7746872385859667 48.26070249717493, -3.7681010983528114 48.26327874477033, -3.7655190572870563 48.26517246617628, -3.7569040441365034 48.27471741062376, -3.7521334613861552 48.28158487691857, -3.7415249453788513 48.28322575023276, -3.7306427830173234 48.28197202787215, -3.721996506081897 48.28143043347035, -3.71471644373704 48.282426694623545, -3.7083166892637767 48.284212876929246, -3.707500118419991 48.28316027908542, -3.7007400972875804 48.282122035788944, -3.697108091758617 48.280388783575724, -3.699056920974898 48.27885594097629, -3.6975851553215606 48.276482887878295, -3.692915168211802 48.27577813909403, -3.6918144241992756 48.27325469118968, -3.69601721972734 48.26493535347198))",2022,589998.73,971.0,0.024935714692131628
111,218201648,82164,2023.0,0.8789434784299996,87.9%,1621.7,1666.2,1741.0,1791.9,1691.1,1693.2,3448.2,311.2,Sainte-Juliette,82,"POLYGON ((1.1512987851977539 44.30729235976465, 1.1532262211224522 44.309129648754016, 1.1589500567556787 44.310901615688216, 1.1612239704480618 44.310423983088576, 1.165302947653599 44.30720464405771, 1.1640071394090767 44.30537812379718, 1.1677015961764678 44.30286135129389, 1.17074185367163 44.30381442229631, 1.175026473790266 44.308204457077736, 1.1787542381845812 44.310264534039405, 1.1813008860631686 44.30972654688331, 1.1811547186274662 44.30302028967264, 1.177122180394654 44.29921482502015, 1.1776145584169944 44.29232579764278, 1.1844731685402954 44.286831328841274, 1.1805380029907033 44.28283423486454, 1.1834000825818536 44.2780471462318, 1.1814300005073328 44.274727149606626, 1.177776475857192 44.278856466279315, 1.1713052511480948 44.28074720892758, 1.1619411864793916 44.27994639211277, 1.156938078700788 44.27831556631996, 1.1539665891582729 44.27807230965581, 1.148615372960855 44.27882026047011, 1.1513979523308269 44.28209009206832, 1.150757603648685 44.29065249114818, 1.1457050893032463 44.293274697272274, 1.1439290079434143 44.29511406995031, 1.150841314194985 44.29916264723905, 1.1565577850977122 44.30112800529144, 1.1560351834503515 44.303310892179496, 1.1512987851977539 44.30729235976465))",2022,108399.93,129.0,0.03180998364113335
112,215103243,51348,2023.0,0.8767815199649667,87.7%,1392.1,1397.8,220.62,1297.49,1305.72,1342.34,2676.7,247.61,Marfaux,51,"POLYGON ((3.890193935452321 49.14942044083748, 3.887353853248406 49.15079319540079, 3.884444558620034 49.15390439096747, 3.8837041495748674 49.162599794681014, 3.8826869363572283 49.16666254750403, 3.879032194814312 49.172482524836894, 3.8843179135656634 49.1754048057724, 3.8919340951118233 49.175927962230595, 3.8989879059684216 49.178192800952594, 3.899426667121096 49.18069991224804, 3.9056561774831717 49.18097507662738, 3.9112213973150336 49.18279979891596, 3.91736725589697 49.18391178672271, 3.9196155887335853 49.182542896750974, 3.9223025502269695 49.183616623225035, 3.9238499856151767 49.18727378291867, 3.9277202346745885 49.18267385321862, 3.9285759072769797 49.18080055789538, 3.9249527032811353 49.177095024557644, 3.922052411073302 49.17512181473373, 3.919714131152684 49.17140626407506, 3.9120450453814395 49.16785989125604, 3.9091457623844854 49.165886352400115, 3.9036912147171963 49.158975449476266, 3.8933201297976416 49.153195148936604, 3.890193935452321 49.14942044083748))",2022,65162.94,117.0,0.04107702936669217
113,217700160,77016,2023.0,0.8759800473421337,87.6%,58990.95,59882.48,58831.0,63565.02,25072.34,15437.06,15710.67,1931.47,Bagneaux-sur-Loing,77,"POLYGON ((2.6838138995302883 48.22251455128169, 2.6841845602355097 48.22541433638817, 2.6869683648511007 48.23038188733202, 2.6939121169744604 48.237550379619556, 2.6976789499944687 48.2405876690167, 2.706984745063234 48.24235035564302, 2.7087453241799455 48.239842451805224, 2.7114033235576276 48.23289193567335, 2.712221666011274 48.22516385203671, 2.7144095304765496 48.21524883133724, 2.7271024973083846 48.2177267092923, 2.728462071559758 48.21740775265244, 2.7329491996595925 48.2123933831968, 2.734221674003712 48.21007720234441, 2.727540695294554 48.20800060106793, 2.722706439602792 48.20521936533733, 2.7206962944777793 48.20025440628028, 2.7172177434920357 48.19799147640223, 2.718443493728825 48.204500679020924, 2.7173547506043056 48.20862085152317, 2.7098233993027594 48.22026224833503, 2.7029401242387388 48.21960096634651, 2.6987633532357815 48.220621076127486, 2.6943830910927065 48.22325095375895, 2.6838138995302883 48.22251455128169))",2022,2727554.75,1638.0,0.0057599833697197095
114,216003251,60328,2023.0,0.8757604117922321,87.6%,2509.0,2569.0,2640.0,2710.0,2754.0,2859.0,5689.0,531.0,Juvignies,60,"POLYGON ((2.0745198045813926 49.537813135923116, 2.080586808621767 49.53792360739663, 2.0843099221846857 49.53557101114654, 2.0908273837260034 49.5383224995415, 2.093579888042091 49.54020908135331, 2.0978022228726014 49.537731119963695, 2.1022911012768604 49.5370566273612, 2.109722614556708 49.5330576800283, 2.1130461830090064 49.53070126885957, 2.104854499874104 49.526973432103766, 2.1085745935693203 49.52468439966001, 2.109368867457 49.51902783059247, 2.115047275303292 49.51269915560968, 2.11408401902161 49.510890429430965, 2.102937060401031 49.511451942342816, 2.0950483415012533 49.5133237167079, 2.0896468681836926 49.50948684877265, 2.082152727894866 49.50595562891176, 2.079352943963616 49.50683525871153, 2.0752882893130002 49.51169467856917, 2.073427578249382 49.5211393700467, 2.0760420670001194 49.525084404179054, 2.0758732091991203 49.528943844280704, 2.0676261498116477 49.528430318737215, 2.0667638845413205 49.53209136996079, 2.07207468312833 49.53547804780207, 2.0709513984709345 49.53707807180422, 2.0745198045813926 49.537813135923116))",2022,158957.18,318.0,0.0357895126222043
115,211401914,14191,2023.0,0.8745466355912218,87.5%,59841.89,63054.72,78437.59,37138.9,43361.19,23551.25,24834.22,3035.06,Courseulles-sur-Mer,14,"POLYGON ((-0.468229329000622 49.313959903422436, -0.4689273009557081 49.316967487162536, -0.4711315222593766 49.3202538456883, -0.4720531031448013 49.32215987132364, -0.4651343152728426 49.32545068959876, -0.4629613721460069 49.327059044243484, -0.4615289237020787 49.33083629234114, -0.4680151602392232 49.33142316731939, -0.4694961912198892 49.33279778936464, -0.4668548491491508 49.33776930850345, -0.4484488458770184 49.33546202386012, -0.4338443473816493 49.335105222820225, -0.435055760757803 49.32946661475746, -0.4323180561101125 49.319624410365805, -0.4320326315190637 49.31235345536009, -0.429668179816955 49.308104735825275, -0.4295882947181479 49.303919892148144, -0.4410396072655923 49.30320740070648, -0.4467436724663907 49.30252927102286, -0.4481113550325228 49.30519575214483, -0.4536865186699679 49.30555167148343, -0.4569478197743848 49.31132032730262, -0.4629626745647065 49.312307421586596, -0.468229329000622 49.313959903422436))",2022,6797273.69,4250.0,0.0036535559891512914
116,215800608,58060,2020.0,0.8740081971207851,87.4%,7566.4,7809.73,8129.58,8695.84,1661.47,798.42,837.61,942.23,Charrin,58,"POLYGON ((3.563213182310966 46.80962591743421, 3.566192985545195 46.814510445214744, 3.5817825868727486 46.823264021167915, 3.5873955655386016 46.82671647329991, 3.5910267032910093 46.83037223746982, 3.595924116435212 46.828799874606375, 3.6006179529120823 46.82593911254343, 3.608045873626873 46.822548033356576, 3.6132270193944804 46.82110234965562, 3.618888430992055 46.82036293844257, 3.6232372158648376 46.82053284687691, 3.6277346978733895 46.81722078394296, 3.6298689025569675 46.81385704287925, 3.6334677148233343 46.80648848769017, 3.6350253201762692 46.80235425359078, 3.6271300487929725 46.79762730694403, 3.6279495012048217 46.7949798404307, 3.6259333936373377 46.79215444879175, 3.6203185901947648 46.78844600852318, 3.618090022026618 46.783494332086335, 3.618875136251722 46.77781732233159, 3.6156847697135013 46.77125917435518, 3.611428551201952 46.770572798308976, 3.6030000924670733 46.76823218057844, 3.6003968415668375 46.771855768679636, 3.58309969542944 46.77001092997071, 3.577858430524233 46.77429198586171, 3.5706016889003473 46.77555304528312, 3.566931710689983 46.77673154502219, 3.5626910588101315 46.77752594260716, 3.5650917575392116 46.7813819542108, 3.566945085015201 46.787045580219136, 3.564725005221494 46.79150445457756, 3.5630873153531035 46.797507537116495, 3.563213182310966 46.80962591743421))",2019,365808.41,616.0,0.023771569385187184
117,210501706,05170,2018.0,0.8738115797196133,87.4%,48508.41,45703.14,4972.06,5329.85,5365.98,5465.06,5673.1,8859.17,Tallard,05,"POLYGON ((6.056232125074668 44.44964016089406, 6.049447602165007 44.44479752198375, 6.037533233458341 44.43887067843574, 6.032444520382671 44.436882562635674, 6.030658331095564 44.440736886434514, 6.030667979219572 44.442606959542516, 6.027673645191961 44.447590869919324, 6.02476412872892 44.44908966362975, 6.022542831032922 44.45160141114796, 6.014271904834511 44.46130865527372, 6.014863997105724 44.46561359397916, 6.018895454133132 44.47491948900151, 6.019495962823918 44.477676328457996, 6.0268913550637215 44.48205267899786, 6.033370057848301 44.482842037854816, 6.035977837558027 44.48244777411046, 6.034568755967047 44.47984224766755, 6.036404897839358 44.47521249819558, 6.0467197283884655 44.47150959726165, 6.050778601043423 44.4677855590224, 6.052470306186986 44.46386897032046, 6.057955376885603 44.46474884360315, 6.060162172751514 44.467009446610106, 6.068835113411656 44.46483339993959, 6.0741815843573566 44.466490293408704, 6.07677912750341 44.46925565911481, 6.0792674111375 44.4683477102486, 6.0818452979976225 44.46576028210875, 6.082797704616178 44.463282769363104, 6.077703829554428 44.45794294643886, 6.074086451228195 44.45307771268173, 6.072223488053056 44.44880843980982, 6.076344982227134 44.44463018743441, 6.07613475667197 44.440766303664056, 6.07507325179384 44.439570519877016, 6.063844374206239 44.44465606549532, 6.062038928745742 44.44644764020724, 6.062255189101223 44.450440357965526, 6.057537049776542 44.4519902909821, 6.056232125074668 44.44964016089406))",2017,1703951.85,2114.0,0.02682184945542915
118,210701280,07128,2022.0,0.8728377784814652,87.3%,1939.97,2079.51,2183.63,2285.33,2385.03,2509.82,290.69,331.75,Lalouvesc,07,"POLYGON ((4.54121221613845 45.10115624120476, 4.531968798583979 45.101477070739506, 4.522968395884218 45.100633286976844, 4.518705919678459 45.09546908051864, 4.514541969258005 45.09391389912651, 4.514160130029466 45.1001085384635, 4.511707677138635 45.10426812636883, 4.502640025518163 45.10774332964714, 4.492958033204672 45.10884049756379, 4.499208275015587 45.11301187657744, 4.503936656274001 45.11507582877657, 4.51803286473963 45.128037493053874, 4.5204828138961615 45.1338712629274, 4.526147531108569 45.13991895754112, 4.526219899148761 45.13585608724536, 4.528387217789923 45.13131321439676, 4.531673203711827 45.13081681893749, 4.5427716515097964 45.13111517957737, 4.546566193270421 45.12912839479099, 4.549924769269642 45.12134483663464, 4.548228258120859 45.11633940368785, 4.5435692097527545 45.11021447288717, 4.54121221613845 45.10115624120476))",2021,516670.98,387.0,0.004857675575276166
119,213401417,34141,2019.0,0.871138985687991,87.1%,2313.55,2333.04,2654.38,314.58,316.57,316.77,328.67,330.12,La Livinière,34,"POLYGON ((2.6441800098102655 43.29442156787298, 2.6349408727889125 43.296322838159256, 2.6320043786079563 43.29766533716262, 2.629628235294629 43.294630301049885, 2.6270061844360484 43.288503060657575, 2.617098331419525 43.28428227764341, 2.618231885805214 43.28724878468969, 2.6169796948426707 43.288790008284764, 2.6043239150194464 43.29730995894628, 2.6011231508136126 43.29826423841222, 2.60153162948829 43.303353576526426, 2.599255552004113 43.311653186781264, 2.5996831886032177 43.313973298189275, 2.6011932779275484 43.31378566714918, 2.6079797319794604 43.32076608512283, 2.613932655090432 43.3331531026296, 2.613888650641895 43.339722219910286, 2.6128989847036848 43.341650829119224, 2.61473521979691 43.34590811429177, 2.6192431412319954 43.34907992593378, 2.623670741565963 43.35102757454264, 2.6244548972783726 43.35334889274503, 2.6236194193186773 43.358884869606676, 2.616313064611466 43.36233712605853, 2.615847898028598 43.36549136936367, 2.617973830007915 43.36640057943001, 2.621933609941402 43.37214663807955, 2.6292720933866476 43.37764657128387, 2.6306085376133908 43.3770714806763, 2.6360816854232003 43.38269340057784, 2.6381184999879865 43.38379514449976, 2.645572267602135 43.38549438204306, 2.6498540257217247 43.382803227101036, 2.657670338827483 43.38334347920444, 2.667770362335055 43.38852749423082, 2.674864689820122 43.39118971903244, 2.674907595093152 43.38358983224366, 2.6759862090997664 43.38140323891269, 2.669080356932865 43.37706711168913, 2.6672260896417384 43.37506482926846, 2.662565619035436 43.36680641364576, 2.660616629598188 43.36589863657885, 2.661527638633598 43.362037140161966, 2.6595860571844567 43.359905662890455, 2.65710481247292 43.358931745262524, 2.6535489259882414 43.35943566471623, 2.6507203363940546 43.35717237691073, 2.6483525448125804 43.352205491648114, 2.6406610802200183 43.34657697158973, 2.640703644364379 43.33975019586889, 2.6419811119188146 43.33421563805339, 2.6421942569687524 43.328484361398516, 2.6433897384611624 43.32179029559358, 2.646269257543925 43.31542379106361, 2.651625548626286 43.31028891182873, 2.6511141221101155 43.3068094939879, 2.6460123066187435 43.29945098365025, 2.6441800098102655 43.29442156787298))",2018,660707.76,561.0,0.0040174796796695715
120,218501138,85113,2021.0,0.8708232965185639,87.1%,4008.1,48396.18,45708.76,91198.09,134579.05,8457.22,19453.68,15836.82,L'Île-d'Yeu,85,"POLYGON ((-2.337467453092462 46.71909070832878, -2.325780414190037 46.72040955968242, -2.3184265167284535 46.71868346689469, -2.3082921042846456 46.711723208357064, -2.3017047798701946 46.708151588099106, -2.292458739861068 46.70056753372256, -2.286444532408068 46.69606416313408, -2.282782899585834 46.690482967402566, -2.286432345844632 46.68915171232634, -2.2883321834776 46.69216521204215, -2.29018829293962 46.692790218720425, -2.303526060181188 46.69294895850396, -2.310807509958387 46.695906759555946, -2.3146389082701493 46.695470688663626, -2.3260284215139535 46.68828706513711, -2.3328750203189905 46.687774758584354, -2.341212800299907 46.69281365599965, -2.346951216954884 46.69351517990958, -2.352035483508474 46.692373254735365, -2.3590119044280113 46.695083917346544, -2.366784679789814 46.69723999702046, -2.3706611901664747 46.70203351108093, -2.376251069061576 46.70312826729711, -2.3771185072616943 46.70043845856545, -2.3791975078993417 46.69853173401764, -2.383012739904417 46.69983866959155, -2.379444705401617 46.70388297706214, -2.379578662931846 46.70523355313499, -2.3831695971977305 46.70713254673424, -2.389521063566271 46.70922472754023, -2.392723484522447 46.711012490752935, -2.3978520607335105 46.71600476725714, -2.3992643697840106 46.72259343824302, -2.3972792589146232 46.724496085203555, -2.380534745924438 46.73297200663554, -2.3713219598526116 46.73256398171313, -2.359037672484114 46.72977898659566, -2.3475488461816876 46.72450043855069, -2.3430812753228203 46.7242564588076, -2.3407936008896244 46.720228000677714, -2.337467453092462 46.71909070832878))",2020,10700032.22,4909.0,0.012577443435025468
121,218300622,83062,2017.0,0.870234494982447,87.0%,27584.02,4931.7,5249.94,3969.36,2374.53,2058.7,3273.9,3198.05,La Garde,83,"POLYGON ((6.054098816845621 43.11592643366393, 6.052922771661314 43.11209332977993, 6.0459345509521105 43.110486822436535, 6.046155605550343 43.1096428490805, 6.038796115948824 43.11275051331168, 6.033328992978071 43.116513236554724, 6.027746587288894 43.11808795028276, 6.023463683181626 43.11743495047239, 6.015460930347067 43.11334179300188, 6.010963641241302 43.11366090255053, 6.003059203365502 43.11143285570504, 6.000406128723 43.10976693544604, 5.992982901222833 43.106558202494355, 5.992998004171373 43.10514013992733, 5.991619232149833 43.10414743101995, 5.984842898792108 43.10659075578183, 5.978748662999214 43.10682389262429, 5.978431635658003 43.10754147632152, 5.981394625501824 43.11351669983278, 5.985523232932555 43.12319705167167, 5.991450538481118 43.124836948122685, 5.997324822138249 43.1288622708151, 6.00564192602004 43.13217480257024, 6.01129082897904 43.13523911538316, 6.017909558754024 43.13821156244402, 6.021478445212498 43.147197767925526, 6.021704824097807 43.14983352238304, 6.025678494644234 43.15468407462298, 6.033360004946768 43.152534937897016, 6.043639750871811 43.1492808333685, 6.043852056495407 43.14154179763954, 6.045045781329968 43.12050022019972, 6.054098816845621 43.11592643366393))",2016,,,
122,213100449,31044,2018.0,0.8702193811391314,87.0%,81499.14,80683.14,10930.11,11278.29,10846.69,10748.07,6633.04,12708.15,Balma,31,"POLYGON ((1.5184979934097522 43.632598754197666, 1.5234934671792189 43.62925199463997, 1.5239034087456236 43.62719584344998, 1.5213612995285721 43.6219425737739, 1.5208668434091284 43.61343130942394, 1.5222019062036547 43.61009921658394, 1.526816950882052 43.6075847711415, 1.521459360399047 43.60429061047546, 1.5193671279965464 43.602393715382796, 1.5197786870589565 43.60027321263814, 1.5258200198331016 43.59429918748775, 1.5204271953727908 43.59242190778616, 1.525944101457752 43.58946884001159, 1.5252804578324635 43.58752702377066, 1.5214420978937349 43.5841890715112, 1.5194181511021 43.583130671393995, 1.5129641868468968 43.584395464459405, 1.5073843626821992 43.58290153296531, 1.5047886856146422 43.57983776381548, 1.496982367501649 43.58166282072721, 1.49283270516336 43.5936532389545, 1.4915211535898651 43.59943353793101, 1.4861238021215541 43.60451271252988, 1.4856174665714545 43.61017535475702, 1.4798721120252678 43.62832853859646, 1.48992634479569 43.63291431304855, 1.4987463722366947 43.63696667649, 1.5035753113364587 43.6400614421116, 1.5048668882472864 43.64188324064595, 1.5107596896172502 43.638420501873505, 1.5184979934097522 43.632598754197666))",2017,14237763.82,15677.0,0.005666840735668278
123,213700800,37080,2023.0,0.8696962493467274,87.0%,3539.74,3729.44,4238.38,3483.0,3937.33,3881.36,7350.55,731.78,Civray-sur-Esves,37,"POLYGON ((0.6982043159873254 47.05035795381425, 0.7075166381177408 47.050156267979546, 0.7235068640392502 47.04918288715704, 0.7475268006203661 47.049137979158, 0.7477534385113244 47.04598275011531, 0.7473611548974223 47.039462341935796, 0.7446916245696084 47.03747574740352, 0.7419575944655236 47.037035416906235, 0.7351776445500604 47.02897119369843, 0.7331484407680237 47.02757721731665, 0.7251759126054425 47.02535692262395, 0.7233312887615698 47.024095368880126, 0.7179744440910302 47.01837949936829, 0.705192897931282 47.01773919029501, 0.6999886863824784 47.01963462183199, 0.6904941713582731 47.02421690121875, 0.6833546526608455 47.02916812842177, 0.6853154399419098 47.02991678692025, 0.6826517431098199 47.03669870620328, 0.6798407034401546 47.038060913709884, 0.676472121941805 47.04134637167936, 0.677050019491067 47.04335701520815, 0.6818399536339813 47.04454950045551, 0.6861052218085357 47.0446995250404, 0.6892737499129745 47.04386019088737, 0.6931100271411196 47.04516208461094, 0.694671376242079 47.048610909626085, 0.6982043159873254 47.05035795381425))",2022,151129.54,207.0,0.04863741396949928
124,219503711,95371,2022.0,0.8690981371938379,86.9%,267258.47,306510.8,323929.57,217401.74,240987.98,211397.79,30644.44,28573.7,Marly-la-Ville,95,"POLYGON ((2.4865060111134762 49.089435531297426, 2.488163531182475 49.09137375162916, 2.487641146571484 49.09433262003647, 2.491775474090685 49.095186995038574, 2.500366497746708 49.09419305753861, 2.5139619649858287 49.09592243740937, 2.5211415067894407 49.0982042344392, 2.524694290373425 49.098025216844626, 2.524201098398276 49.087273238958744, 2.524748458430337 49.08135318535245, 2.5293900076709694 49.080598981106206, 2.5292120763166706 49.078474001132996, 2.5284940614158677 49.070682110308105, 2.527722359407144 49.06881226791816, 2.5228494322645156 49.062677573556805, 2.517219467578893 49.063878178109675, 2.5070584087953565 49.06467377734417, 2.499443268863029 49.0672172261476, 2.4989118231621315 49.07120613830346, 2.497509149786435 49.07351770355372, 2.495239026331764 49.073765682014475, 2.488805774836744 49.07624902734194, 2.485408132267442 49.08080497678855, 2.489779546198547 49.08751831245513, 2.4865060111134762 49.089435531297426))",2021,7736022.39,5700.0,0.02732641910050108
125,215904434,59443,2023.0,0.8685761955243041,86.9%,3826.49,3890.69,3970.44,4163.79,4262.99,4387.37,4555.15,587.63,Ochtezeele,59,"POLYGON ((2.3966500842355245 50.83456994232174, 2.414550566603959 50.822515466210284, 2.4180414274144932 50.82066907072256, 2.424900414159661 50.81870969341089, 2.4259280582255767 50.81807210324481, 2.421225737874867 50.81002120905468, 2.4215495898239427 50.808481104900686, 2.4149139228364187 50.808899763593686, 2.412353937174498 50.809722756539834, 2.4016268915859227 50.81102061973661, 2.3847729312139734 50.81273710014768, 2.3710884489656716 50.81382500124634, 2.3757379397766876 50.817316975249945, 2.3813710540882598 50.82383257212811, 2.3864350989395144 50.82694074892352, 2.396789334563195 50.83148750606722, 2.3966500842355245 50.83456994232174))",2022,173747.09,390.0,0.026217129737252
126,215803099,58309,2020.0,0.8685043297557115,86.9%,4226.39,4422.95,4630.98,3809.45,588.85,551.79,569.0,510.12,Villapourçon,58,"POLYGON ((3.92527707263723 46.893858887495355, 3.92231105047333 46.89194875791514, 3.914209153748445 46.88846783541758, 3.9100356537901737 46.88785624906724, 3.9049636197116038 46.89008798469018, 3.9023661989560607 46.88752981163892, 3.899254957377607 46.88819878429119, 3.8925358004142323 46.89385939064199, 3.8959878421457725 46.896604525862394, 3.8985635413351485 46.90354652704127, 3.904731006705209 46.91013799727814, 3.904880622433732 46.913424455705794, 3.9066822066902454 46.913603683808184, 3.9177123386926067 46.9220899960735, 3.9159650012183835 46.92513367112285, 3.916608726807796 46.93518480570323, 3.920688415790453 46.94675563065877, 3.920763048410768 46.95113850699514, 3.9199314448456013 46.952369937092016, 3.9152806650342034 46.95743503384964, 3.9169708231587133 46.962127375209256, 3.9190062753569213 46.96481859988624, 3.9296354086251846 46.971308595755914, 3.9320219593345964 46.97232073716698, 3.938010375983709 46.973368059951866, 3.9461186337670653 46.97639604570606, 3.951196465930706 46.979512953794725, 3.955533818289005 46.9836027123187, 3.9590701205195282 46.985249395944955, 3.9639926542564154 46.98488606137869, 3.965302218959706 46.98390817442547, 3.964844870439538 46.97952854307799, 3.9670903843719882 46.97789817461894, 3.974153356869846 46.97538916427031, 3.98192353926799 46.98054477820514, 3.9851608624598938 46.98135519656012, 3.989591326738467 46.98002802256975, 3.9902286992522 46.97860436978425, 3.9880008445401933 46.97598049077525, 3.9825316659704253 46.97228835142584, 3.982128063327768 46.97093806588551, 3.984394665342207 46.96531045771039, 3.9879123025545735 46.96076795670373, 3.9990024467319008 46.95590213092107, 4.0042759219693185 46.949087648899834, 4.003430919268093 46.94438915604346, 4.00480594504847 46.941927556889624, 4.009563350232936 46.938018161134295, 4.011378826386443 46.93381208830174, 4.017387664374862 46.931051716723466, 4.016563607425929 46.92751345795795, 4.011654529459923 46.923237550714795, 4.012007869537069 46.92188069914497, 4.010497629406849 46.91705912905544, 4.010130631389698 46.912614304334944, 4.0048675976808665 46.90956603246486, 3.9970832303311323 46.908344373848685, 3.9849134267432986 46.91057636974268, 3.9812831074477413 46.91395948007842, 3.9794052833481017 46.91481348950534, 3.9733464494401827 46.914800364286926, 3.9649063943408858 46.91396885401294, 3.9576172100926423 46.913965198930306, 3.9469680046277427 46.916696222162, 3.93449472023836 46.912543451258685, 3.926938036829802 46.90796310804778, 3.922503287873813 46.903228389225234, 3.923173478256524 46.89813038193039, 3.92527707263723 46.893858887495355))",2019,357569.73,427.0,0.010653726197684574
127,213901887,39188,2023.0,0.8631374570390145,86.3%,3068.65,3010.26,2699.25,2759.55,2910.28,3011.03,3061.34,415.54,Dammartin-Marpain,39,"POLYGON ((5.57962770765403 47.235824092582384, 5.57068208585261 47.24002100026814, 5.554310375435955 47.244381062026186, 5.548586318385968 47.24624816111857, 5.541149907965017 47.24415444120052, 5.536546271393818 47.23948337830314, 5.529344050832575 47.2382865906284, 5.518982801145685 47.24489622184273, 5.5221619019260295 47.24766441475422, 5.527501092457474 47.25380313244271, 5.532154853620545 47.25750617444036, 5.537753230818407 47.258995889879, 5.536342281747803 47.26141269355512, 5.531107074020735 47.263590591902776, 5.525998301318108 47.2644113203773, 5.5249494366306875 47.266433173008565, 5.529982023051369 47.2700635706927, 5.532858386067476 47.26838867817059, 5.544893058197327 47.262837456286526, 5.555188425113101 47.26886608324223, 5.566358361604404 47.27119883534544, 5.571580548597981 47.26876168515185, 5.572958461631814 47.26170220827235, 5.5721285092740285 47.25830288753454, 5.574584599221258 47.25386334563427, 5.577480330636696 47.25263825706476, 5.580926171594118 47.25294851060473, 5.583982756550564 47.25507294792904, 5.582777598953573 47.25181101574541, 5.585044377769494 47.245440844993894, 5.583123558511351 47.24116308504909, 5.57962770765403 47.235824092582384))",2022,144192.29,349.0,0.021230954858959518
128,213803372,38337,2021.0,0.8617367362899109,86.2%,29878.67,36052.5,41741.95,39825.83,38582.85,7658.22,4301.67,4301.67,Rives,38,"POLYGON ((5.476309040821689 45.385366353619304, 5.4825829633942975 45.37323099275623, 5.484850884513904 45.368343403872736, 5.4866531040856374 45.367464935348245, 5.491545412798875 45.36774317601965, 5.49603277950454 45.36925568328502, 5.497732467033487 45.36199406479643, 5.502557703357863 45.3607898662049, 5.506739867389267 45.36166378061943, 5.5126888701701375 45.360885461164884, 5.519500576781014 45.35679801475771, 5.518531381978464 45.355723355524724, 5.513628935774653 45.351125190341946, 5.519741862429496 45.343828503588874, 5.518717496618064 45.34152963720221, 5.514687308792964 45.33787938923755, 5.5088056060057395 45.33601196213744, 5.5056759716395325 45.34008091187858, 5.493533048086678 45.34635032489412, 5.491272553124477 45.351366936995895, 5.489056998707236 45.35122272688181, 5.483056986753 45.35290389469965, 5.474469973944094 45.356447851274, 5.465016399099591 45.36123564414669, 5.458669458454783 45.36343907715953, 5.4472958444384885 45.36858994375919, 5.458256373741948 45.37492853116926, 5.467606729132004 45.38020514409151, 5.476309040821689 45.385366353619304))",2020,5764784.46,6556.0,0.00669285213830874
129,217705078,77507,2023.0,0.861069777466831,86.1%,8112.08,5657.29,5597.04,5772.25,5845.11,5808.98,11543.04,1205.36,Villenauxe-la-Petite,77,"POLYGON ((3.336691331933431 48.411575624849554, 3.334162651793101 48.41196922930447, 3.3348014553431957 48.405268889457865, 3.3373688727457496 48.39579342778588, 3.3410220032147775 48.388826714530424, 3.3365033286826797 48.38220538080199, 3.33644523858839 48.373123660676015, 3.3353566796373464 48.37022825911953, 3.331673632592669 48.372364181232, 3.329726844074486 48.37217638118343, 3.317106638899369 48.37652633265451, 3.309229068772206 48.37699802028366, 3.310956638700117 48.37300004484964, 3.3077460166957344 48.37294401454339, 3.300852390623394 48.37528049550939, 3.2930897306576625 48.37890692922503, 3.2828887030922624 48.381636944150124, 3.2870011510283317 48.3863934033301, 3.287309251039937 48.38935551150919, 3.2863652548785787 48.39470379853066, 3.2842701654374458 48.40321087198768, 3.2856454687803884 48.405526293848915, 3.2892530886372926 48.40661250258664, 3.296157143103263 48.40530728213709, 3.29619996113204 48.41290742222759, 3.2978801634018566 48.417347406700046, 3.2960513203482913 48.421087671076464, 3.2920663399046073 48.42238571389084, 3.290346384711434 48.42831547723054, 3.296193697337804 48.42907391876842, 3.311590289064843 48.430709089044164, 3.3211251549564142 48.429202284125246, 3.327143723322324 48.42609425499347, 3.3359833246533483 48.42265591360604, 3.3379042610778913 48.41852831710738, 3.336691331933431 48.411575624849554))",2022,279776.04,416.0,0.04125814347790469
130,212200984,22098,2023.0,0.8601745083262783,86.0%,6753.07,6911.36,7295.75,7330.44,7378.07,7728.21,14206.56,1533.52,Landéhen,22,"POLYGON ((-2.5646975407263874 48.41948606538767, -2.5658391605554782 48.42104662334135, -2.570174159691124 48.421423933139195, -2.5724747334195124 48.422865354098086, -2.57567601984319 48.42910697085601, -2.573104588108236 48.431552436315215, -2.565484377886312 48.43610758813114, -2.562335977906649 48.4386444381638, -2.554267730145243 48.44083082584635, -2.5488624248606295 48.440503002067764, -2.5489568136779504 48.43862615929502, -2.5461839832730866 48.43733553933573, -2.539507053011907 48.43790618675983, -2.522755677991127 48.43274825851268, -2.5167787348863455 48.428830034556185, -2.5149240961083064 48.42233076384223, -2.5149438211673547 48.417874840265554, -2.51737213407904 48.41033667624177, -2.5204221418661548 48.405933152843986, -2.5299088453545826 48.40613612235978, -2.5321986956596816 48.40564175066974, -2.5325376107316804 48.4005251107558, -2.533842757962662 48.39717117243592, -2.539065078314539 48.39673322695454, -2.542530891473646 48.39721668601393, -2.5437355140437954 48.40400447654253, -2.5455794905494624 48.410374887942375, -2.5485234575935145 48.41514410994476, -2.550371534251749 48.41692996316679, -2.560635498895299 48.41799809244482, -2.5646975407263874 48.41948606538767))",2022,841415.04,1459.0,0.016884128907417674
131,218007516,80800,2023.0,0.8578817803684107,85.8%,2187.0,2264.88,2133.94,2310.21,2337.39,4774.83,2293.37,502.26,Villers-Campsart,80,"POLYGON ((1.8140495351034953 49.8738206671419, 1.819105484283117 49.87605659040301, 1.8233222195146896 49.87995657735741, 1.8258834482673145 49.87747267177851, 1.8294750585513542 49.87808602811021, 1.8343230079153423 49.880705235008186, 1.8406795121354955 49.88308127355134, 1.844414442657208 49.877392056585805, 1.8485461391835918 49.87627327707481, 1.8444104313899317 49.87314678752075, 1.847978778117145 49.87035032349442, 1.8486941269775412 49.86527561184474, 1.8578791863369104 49.86201707191976, 1.8540891163505713 49.85690007057388, 1.8476162050143758 49.85979802208852, 1.8405192384373588 49.859280593453335, 1.834788571525299 49.86031954647594, 1.8258247527900084 49.862613651953396, 1.825771490976744 49.864928761245665, 1.8140495351034953 49.8738206671419))",2022,55161.36,150.0,0.04157566093366806
132,215704974,57497,2023.0,0.8568285411335504,85.7%,3058.62,2776.04,2196.49,2240.75,2277.07,2070.92,4842.05,494.87,Nelling,57,"POLYGON ((6.831491030482782 48.96071366444002, 6.83947875127464 48.964840877250296, 6.845817411731403 48.966635702714996, 6.851942734401586 48.969532788782374, 6.852977854995104 48.97684730683826, 6.8575108972710614 48.978183950148946, 6.862329502991364 48.97938231819427, 6.870512141501775 48.97944064745196, 6.875290441341723 48.98141326528707, 6.8793258992410955 48.983989835510094, 6.8921893587303265 48.9833794979401, 6.894432911680001 48.981759700325696, 6.893761967211591 48.976753960525556, 6.894192615153247 48.97461292710795, 6.886769482282245 48.970213074724974, 6.878760229370904 48.964542641971406, 6.868643485373878 48.9622914638483, 6.858253950104181 48.9616596222327, 6.856250473799982 48.96120847558718, 6.845228620865522 48.956019566233785, 6.835040466001078 48.954090201147395, 6.826745858853658 48.955128881123066, 6.825011568684653 48.956988981697315, 6.831491030482782 48.96071366444002))",2022,216968.98,272.0,0.022316784638983875
133,216004655,60471,2020.0,0.8561484026162981,85.6%,97654.13,129671.73,130622.8,141130.63,26569.86,25220.88,25715.78,677.81,Noyon,60,"POLYGON ((2.9799293893314283 49.59371223095675, 2.989589626775816 49.595128838317365, 2.9933741254261195 49.59622281671602, 3.002138800357074 49.597638369887385, 3.004230249733092 49.59564389938764, 3.006322218068104 49.599182284848226, 3.008514992744806 49.608189117266654, 3.0185761215314413 49.606515280318206, 3.0280386599834466 49.60439039871675, 3.028736496652308 49.605355266531795, 3.030826762944017 49.60258832951867, 3.025843042726974 49.596220248547944, 3.0243468769324973 49.59158835175063, 3.022055088014948 49.58869364847147, 3.024940846762614 49.584253855432245, 3.0279282972190287 49.58463922649409, 3.032308887216444 49.58348007570006, 3.03360186473068 49.58122792849196, 3.0330030043898595 49.5789762906264, 3.0316084288362295 49.5778829271197, 3.0336948889066218 49.571255592745054, 3.03220063819461 49.56964755062025, 3.0269245124061515 49.56932714542721, 3.0259275283241696 49.566303472021, 3.0443329628211893 49.5553605829758, 3.0379595841713454 49.54970089351242, 3.0315906556061125 49.548994984693415, 3.0273122590661923 49.54970375669414, 3.024425770516535 49.5480958853952, 3.0178598979533984 49.55221474898886, 3.0144775217172373 49.5559468665877, 3.0083076885477342 49.55839232244764, 3.001142029357626 49.56328233468041, 3.0000471550899603 49.56334667845974, 2.9960655424875875 49.5665635296044, 2.9901922418368234 49.56875069267362, 2.9865091920548026 49.5683643110639, 2.9803392451549486 49.56373111681877, 2.978049722582278 49.56424543139866, 2.975460467560972 49.567011480461915, 2.9702830195623813 49.56926215606654, 2.9713759055175144 49.57305835188642, 2.9703785201451773 49.576274992516296, 2.971273509195896 49.578140992484826, 2.974058993029514 49.582645222010505, 2.977741634689536 49.58612014471606, 2.985308333969601 49.590496184493134, 2.9812243576442317 49.5930047394723, 2.9799293893314283 49.59371223095675))",2019,16217307.38,14000.0,0.0087024699410982
134,215903584,59358,2023.0,0.8556181378063654,85.6%,7660.04,10148.22,14757.94,7831.83,9213.52,7435.12,8618.42,1158.92,Looberghe,59,"POLYGON ((2.241397823087422 50.91593437091767, 2.2451004701564927 50.92122316863992, 2.2566652449145 50.93420133246478, 2.2574193035623056 50.93850869497766, 2.2699235625317136 50.93671993775764, 2.2920670259116753 50.933058248845974, 2.294326728863798 50.93236458699959, 2.2880362020259404 50.92886089139708, 2.3027056776998998 50.92553982041138, 2.3112699591586323 50.91993569799922, 2.3088759482489696 50.91561949639866, 2.30251390431491 50.909996633930504, 2.3096385093539538 50.90483402618719, 2.3138588021161124 50.902673637572086, 2.31235590939451 50.90048171439129, 2.2993256709730163 50.8968126443988, 2.289276957416037 50.89200311906445, 2.277258366031691 50.889300831639126, 2.2743966775339888 50.88934845767839, 2.2695890579342737 50.889705781246874, 2.25665536161323 50.89367571207286, 2.2511223134046814 50.89467026760438, 2.247609472902278 50.89721819648158, 2.24375857679206 50.901819196156026, 2.2434685579579896 50.907469273171095, 2.241057277442376 50.91143658772979, 2.241397823087422 50.91593437091767))",2022,599881.26,1213.0,0.014366876538200244
135,217202787,72278,2022.0,0.8553127832768322,85.5%,7984.21,5273.92,13544.3,10093.41,10054.49,9659.0,1655.13,1197.16,Saint-Denis-d'Orques,72,"POLYGON ((-0.3085367932650002 48.00571469192964, -0.3088303802544374 48.00577091472132, -0.3167330431110376 48.00535484056738, -0.3285339187101953 48.008503530213616, -0.3348177025179071 48.011549701505515, -0.3414142835063151 48.01187834109747, -0.337954732343277 48.01836046826921, -0.3352051747988104 48.02230746798568, -0.3332162256391316 48.02758697841867, -0.3343934119302909 48.03245432700899, -0.3416549848539897 48.04327488908685, -0.333886200950963 48.048976227584184, -0.3299904340375676 48.05011822865457, -0.3278328103653543 48.0496633983218, -0.3202124248730944 48.045429372108686, -0.3169885199285332 48.044939945140825, -0.3057150605076254 48.048803616948675, -0.2979703138880215 48.05185804679286, -0.2919361524134482 48.05286521295151, -0.2848869992020909 48.054674156049764, -0.2823743062277477 48.05629177335003, -0.2859883778068348 48.058383268560796, -0.28321363974818 48.060459569931304, -0.275393173900982 48.06390139718534, -0.2693134495063938 48.06419934120717, -0.2595472363990352 48.06279367733652, -0.2432030421753246 48.06143965635145, -0.2308707537323674 48.05919961507802, -0.2290724661866543 48.050350937873496, -0.2246712087585995 48.046409454583625, -0.2230863981885046 48.04580808041389, -0.2093975476171107 48.04824545813012, -0.2061081970275906 48.04665867987395, -0.2059327055080048 48.04376194969007, -0.2086783753179032 48.04117247257322, -0.2078695751852114 48.03900226035683, -0.2094383950232534 48.03934635432137, -0.2228965001024713 48.036334904629555, -0.2281566645875184 48.03851196218948, -0.2316326426111146 48.03364509064996, -0.2326196233527694 48.0244618799432, -0.2325123243291262 48.01795235928973, -0.228625197415824 48.008129181798466, -0.2353057801008208 48.005108443784906, -0.241388763331307 48.00339339289664, -0.2432205192975968 47.99857128794081, -0.2472342006421818 47.99465611027021, -0.2537925449324219 47.99441031249922, -0.2571528366878225 47.995606905325005, -0.2630119239233997 47.99499307314856, -0.2682100550719847 47.9962028200852, -0.2709020703725388 47.99909413955845, -0.2735963030555658 48.00514495641788, -0.2770732373713843 48.00820773341437, -0.2876900140629353 48.01100655964302, -0.3009514382545657 48.008120272093215, -0.3085367932650002 48.00571469192964))",2021,493745.6,797.0,0.019562705976519084
136,210401261,04126,2018.0,0.8535093838788068,85.4%,48885.66,42051.86,5605.79,7133.24,5946.8,6072.03,6858.55,8348.07,Montclar,04,"POLYGON ((6.298729198214703 44.40826603724578, 6.300261349660198 44.41279978561774, 6.300859653433893 44.416845507841806, 6.302535769131765 44.41763378180767, 6.311116523775012 44.41724707474183, 6.319328574710337 44.419837960945806, 6.324689021538685 44.4201277641077, 6.334006012233899 44.42300674421381, 6.339775802412625 44.42715367979317, 6.344689630520675 44.4229407763666, 6.348790194274623 44.42030047979554, 6.351242916888825 44.4158395637966, 6.352843366944041 44.41533930864292, 6.363966010924602 44.415064542829825, 6.383868163394801 44.41168093274819, 6.386256463494433 44.409220802286946, 6.3855883832756986 44.40259731601181, 6.386922184781532 44.397653900335435, 6.367263679015329 44.391355106014316, 6.352657652145137 44.38470563023856, 6.34400977651324 44.37774442199228, 6.337235877959125 44.37337039583649, 6.335782988867001 44.37328545026923, 6.329502583855339 44.37728132241755, 6.318839713125909 44.38218310727896, 6.315350334490966 44.38441686020536, 6.31211684951087 44.38948088815712, 6.311578698314237 44.39420574337352, 6.308506238295179 44.39894230492534, 6.303403373914161 44.40457825332837, 6.298729198214703 44.40826603724578))",2017,2319148.34,439.0,0.018132458055701604
137,216205823,62582,2022.0,0.8516304303370879,85.2%,3470.44,414.38,4326.99,4575.69,1578.58,8201.66,691.39,759.7,Monchy-le-Preux,62,"POLYGON ((2.917888973949476 50.274469106111624, 2.926883361853513 50.26656808729163, 2.931529430850029 50.26367804672762, 2.9286078270430265 50.26026940332657, 2.9190301867218578 50.2551208307854, 2.9160068985883747 50.252997452876244, 2.9115688899456407 50.252351510606964, 2.908747152610171 50.25061379328453, 2.9043075016114797 50.2509961258464, 2.902388449122945 50.252151725575374, 2.905204035538838 50.257103746111106, 2.8748149790234363 50.26472627059644, 2.8533047547636854 50.270166532271425, 2.854104359450732 50.2728673251005, 2.861865530386661 50.276668890667615, 2.864993017189827 50.27725089053625, 2.8693280234565504 50.279312567914445, 2.8802266911697885 50.28060926757499, 2.8882967062085956 50.283123807490185, 2.889712239555728 50.282096586957934, 2.9020391429586723 50.276257408422595, 2.9044679106238793 50.2729166694607, 2.911130583325634 50.27215027348135, 2.917888973949476 50.274469106111624))",2021,485874.15,687.0,0.01688021476343205
138,210400479,04047,2020.0,0.8480105609338089,84.8%,16069.12,11156.31,8954.68,9395.97,1099.39,1150.3,1514.79,1813.73,Champtercier,04,"POLYGON ((6.164542574851535 44.07484398546733, 6.160574174094586 44.07470068413829, 6.156292762569495 44.07540459201704, 6.143021780393546 44.07469015020024, 6.1234544871745635 44.080602512625745, 6.117309602760651 44.0850981921049, 6.115198318974754 44.09257415518609, 6.114246469433778 44.09821151591871, 6.116074697411308 44.10364084781863, 6.11627227566285 44.1072464686953, 6.120454823275421 44.11125454293816, 6.124503507887494 44.112815793825256, 6.129484940027459 44.11331846494796, 6.1329162234708 44.118379373655905, 6.132599051045375 44.11916229306831, 6.143035256477304 44.11892786759913, 6.151704789377928 44.11932367852126, 6.158010524797202 44.120947762096286, 6.1658331017257 44.11259644484436, 6.167312930255936 44.10358980342894, 6.170500151877772 44.09614594923091, 6.172999461848665 44.09413892232103, 6.174455879100825 44.09119475571686, 6.174862403732892 44.083960341689234, 6.166403516778115 44.08078747639342, 6.164329923203561 44.07749409959292, 6.164542574851535 44.07484398546733))",2019,675670.67,843.0,0.013906138622237368
139,216004218,60426,2017.0,0.8442735093004794,84.4%,19139.72,2812.11,2846.46,2890.95,2947.05,2979.85,3064.98,3322.53,Montreuil-sur-Thérain,60,"POLYGON ((2.1965546863902583 49.38765579127562, 2.2072244147899203 49.38405800456578, 2.199548104531478 49.380146173541824, 2.1972370361488744 49.37569037204108, 2.190310530183205 49.37467886635308, 2.188219967000139 49.37517969102614, 2.1837351036091834 49.376565312390184, 2.183558490439028 49.38145508996773, 2.187384832563379 49.384119397676876, 2.1965546863902583 49.38765579127562))",2016,,,
140,214301533,43153,2023.0,0.8432501444564569,84.3%,17201.83,17311.23,15271.99,17515.89,18642.11,20016.55,22106.87,3301.42,Pont-Salomon,43,"POLYGON ((4.222533168556699 45.348678562153026, 4.223798397019269 45.35182390953278, 4.232212272657591 45.353665829241265, 4.23582861074082 45.354915438885705, 4.236182276663845 45.35426680513597, 4.248116378288294 45.348912105388045, 4.2529161346854245 45.34550589769534, 4.254913974595679 45.34026119981478, 4.258806037088249 45.33744516119672, 4.270576915704655 45.333250372273056, 4.269017451928457 45.32939967043442, 4.266337648524324 45.32884976141586, 4.259791700748441 45.32408815019709, 4.2528393828225175 45.32165174537945, 4.246759421948537 45.3170776012356, 4.243011773325349 45.31808638008713, 4.236264824692747 45.31654929982864, 4.231339733061353 45.31421811580794, 4.230617125725159 45.314806317060444, 4.230590694413658 45.31777234335765, 4.234593837545288 45.319984793904226, 4.237549860721464 45.32472312379145, 4.2351373841792155 45.32790893404663, 4.229448379080343 45.33267807030258, 4.224570672738794 45.34091956563493, 4.222533168556699 45.348678562153026))",2022,960236.71,1932.0,0.02302231290449206
141,217401330,74133,2021.0,0.842829103152,84.3%,77893.09,179208.82,200121.13,159943.82,162914.68,24543.6,25278.75,26293.59,Gaillard,74,"POLYGON ((6.213897681045427 46.19385201019716, 6.216824177289409 46.187962289398065, 6.219978343292198 46.187550344139495, 6.22397856554176 46.18563031141097, 6.223533303548511 46.18441703465697, 6.221224175089534 46.181708098543446, 6.221811693152683 46.17898153532136, 6.220447291707184 46.17643935947914, 6.216586529292736 46.174355010861646, 6.207715157897797 46.174476813081554, 6.191140269593563 46.17391129091113, 6.186688491818711 46.177713919914645, 6.187894698341387 46.18077705965474, 6.193038771196788 46.18243918276588, 6.200270748822646 46.18623599980305, 6.204935677750368 46.19087906529367, 6.208879181540924 46.19276792790651, 6.213897681045427 46.19385201019716))",2020,11745022.72,10731.0,0.013870954861805493
142,216601682,66168,2023.0,0.8424957175896868,84.2%,21606.09,70702.82,70397.95,89010.13,83010.2,100572.24,91019.63,15088.27,Saint-André,66,"POLYGON ((2.984005923486275 42.57386112012363, 2.9851448671506 42.57463361629209, 2.9893517777121357 42.57025757972179, 2.990578302173069 42.5712874670453, 2.993907311690495 42.57740200214273, 2.9975879088246167 42.57560003729547, 2.998464269510307 42.57283253157922, 2.9932948821694536 42.56877760440186, 2.998990170973935 42.563950774278545, 3.000129113284268 42.561891250702296, 2.9997786902198533 42.55931684609897, 2.9972383835098424 42.55468289910982, 2.990932401192206 42.548053518919225, 2.9901446899920874 42.544642411315465, 2.985505606726474 42.533443462002225, 2.979376678906228 42.53157606272858, 2.970620730209098 42.53093042988031, 2.970880912522835 42.535950455022615, 2.9686031423082495 42.537751850374576, 2.9608060826961817 42.54244746627118, 2.961066802864267 42.545472437420315, 2.9579097120089286 42.55113486141093, 2.9616751986615637 42.552616549023384, 2.963687905576607 42.555770878122914, 2.967627826921523 42.559440660755286, 2.9741087632820555 42.563497119056876, 2.984005923486275 42.57386112012363))",2022,2129796.8,3474.0,0.04273629765994578
143,211801337,18133,2019.0,0.8419970190579226,84.2%,66983.67,42442.98,44294.7,3198.74,7299.96,7686.25,7979.94,8097.14,Lunery,18,"POLYGON ((2.208664389112941 46.942301184654376, 2.2178914822448936 46.9395278311878, 2.2226876788814893 46.9418808919612, 2.2281582164582363 46.950104267058755, 2.228950912629063 46.95429956500902, 2.227102341437115 46.95770364381442, 2.2303380216604074 46.96333341505493, 2.251362950965728 46.96398749075221, 2.2563425087777 46.967049370510864, 2.2589936198784093 46.96719535435738, 2.2659768139107728 46.96930275201286, 2.280002365689347 46.969197768439045, 2.2820888486848756 46.961926705178946, 2.2888134801202336 46.96209728926288, 2.298651712769284 46.95596929980751, 2.3033888298591383 46.94858501023923, 2.306120221399975 46.94241322332465, 2.308774377973367 46.942235783657445, 2.2919357105828895 46.933495789441984, 2.28740940770582 46.932049746939775, 2.28426007056782 46.926744393652854, 2.2850122526823915 46.91998059556121, 2.2801506448150164 46.915373547589255, 2.2640759144304887 46.914047232197504, 2.2584320806111498 46.9114325694366, 2.2512663615209614 46.90255491350113, 2.250719983453225 46.90100426701827, 2.2496745860872287 46.90131977428971, 2.2401228579192316 46.907574470988514, 2.236623858846015 46.90735795417944, 2.231167974655857 46.91164064781942, 2.2302757957340336 46.91447102830514, 2.2273680876170325 46.91922176795997, 2.2228893710532107 46.92125444129208, 2.214933968515715 46.92796904353543, 2.2094945523564444 46.93734331693326, 2.208664389112941 46.942301184654376))",2018,1274085.51,1567.0,0.03476587689942412
144,212200216,22021,2023.0,0.8399658969112345,84.0%,5685.84,5892.919999999999,6150.52,6388.06,7295.89,7655.68,12870.32,1642.43,Brusvily,22,"POLYGON ((-2.115958798266094 48.414284401263416, -2.1086701414911797 48.409564606573, -2.106129973669923 48.40451067320853, -2.101694264372508 48.40102286981142, -2.0977751493853907 48.39983623933525, -2.0974542139941836 48.39552564606913, -2.093947333069359 48.39154578871293, -2.086483295035757 48.3899949375646, -2.087387116563677 48.38724528354588, -2.08937621076306 48.38160903683126, -2.095201933947533 48.374323094229624, -2.0956828843446056 48.370236081147745, -2.0989015060135996 48.3712592578018, -2.1040294128523533 48.37587908644222, -2.108888632757554 48.38173666484626, -2.1170350771628783 48.38028751572679, -2.1225942632010746 48.38030524398177, -2.1264374862065125 48.38272068813659, -2.1323201177104707 48.38504761722889, -2.139253284711521 48.38913596245469, -2.1444969164140026 48.38890821695667, -2.147596409379819 48.391678077402474, -2.150501673214039 48.40439642205, -2.1439128767014872 48.405844620798256, -2.1372356674796404 48.40639264016342, -2.1343375622884335 48.40768012861029, -2.125808320440159 48.41024409521573, -2.115958798266094 48.414284401263416))",2022,619479.63,1201.0,0.020776018091184047
145,217402767,74276,2017.0,0.8387368082665716,83.9%,251880.55000000002,29900.52,34175.86,37281.4,38659.49,46449.46,47726.11,50140.59,Taninges,74,"POLYGON ((6.589887329945839 46.097150769547305, 6.583904497068652 46.097017294054126, 6.576129096182809 46.09945687413649, 6.573138731813643 46.10084179626496, 6.565994379112344 46.1072618744471, 6.560033026269847 46.110353117719086, 6.562471695890844 46.116278209911435, 6.56612663500906 46.122229582595445, 6.575306724740035 46.12839413967839, 6.571071727185913 46.1322059159432, 6.567006921716192 46.134334286295676, 6.564653259265525 46.13692504637378, 6.562755939471991 46.14079210211894, 6.564584289569589 46.14880142072371, 6.5694098443463655 46.15116663234834, 6.572113966833585 46.15108158768583, 6.574886786961877 46.156350643866936, 6.576289745292047 46.16353428490571, 6.580485980624813 46.16482181421009, 6.597820750811742 46.16550012106257, 6.599978135344535 46.168464896650356, 6.611637499763272 46.173773834487676, 6.616504950332273 46.172457318051194, 6.618200746778122 46.17124166842905, 6.620107119885064 46.163307565711584, 6.619080962853584 46.161920487916355, 6.61891518927615 46.15940887912062, 6.61507358872161 46.14933462499934, 6.618187349766158 46.141297539905096, 6.623639765294701 46.1361543494504, 6.624096570771577 46.133171109456946, 6.622828816123955 46.12953303350477, 6.629700477692803 46.128926251426904, 6.633735769328188 46.13344373772036, 6.640273417258676 46.13342785068555, 6.64701693378116 46.1308880346209, 6.648375480868944 46.12884372570535, 6.656341299831231 46.12503781489019, 6.662419347777057 46.11954974224085, 6.666267175093426 46.11703758748987, 6.668043207364961 46.11426960133792, 6.667749008633225 46.108470717408125, 6.664999799936938 46.10365470740531, 6.6631926925697345 46.096162181622034, 6.661768348013775 46.094401124361255, 6.659614448223415 46.09569685676513, 6.655151969939673 46.09596983113287, 6.62966431836993 46.10014423114559, 6.624926113375896 46.10048935955109, 6.619124642706369 46.098867604004056, 6.607683556829101 46.09807043677326, 6.589887329945839 46.097150769547305))",2016,,,
146,210300182,03018,2023.0,0.8373051827736269,83.7%,6426.61,6666.22,7149.68,7441.11,7112.19,7486.03,7976.54,1257.84,Bayet,03,"POLYGON ((3.2607700078197857 46.23471314884434, 3.250406658272988 46.237637480536876, 3.241361895940787 46.24300785301278, 3.240242191853987 46.24352596457035, 3.2403622765622586 46.24958568216479, 3.2427091255791893 46.251643670255575, 3.2482418086077605 46.255048529484405, 3.2427536937563324 46.26170053991421, 3.240795252617643 46.262994052721446, 3.243901880933318 46.267500176638386, 3.2537330241735565 46.26954165783492, 3.2579497192261138 46.27107940734139, 3.259655844759377 46.27578166866476, 3.2633146431951596 46.27790069949126, 3.2668672809664474 46.27737668834069, 3.270152227753459 46.27949637548981, 3.2787015658975798 46.28643827997715, 3.283290888868749 46.287265036883745, 3.2859072164378746 46.286549355362204, 3.2923371271787754 46.2815690217704, 3.300096827870363 46.280452887567726, 3.300773003418702 46.28431916695452, 3.3070358737299914 46.283206504015006, 3.3105690540420567 46.27926439084629, 3.3077427233585848 46.2757908037191, 3.307510721700306 46.267797421926446, 3.310218975274267 46.26701646100358, 3.3070884835377123 46.25922433582464, 3.302563335125812 46.252725195258336, 3.295331861046835 46.247006543604, 3.3000733602822865 46.242030108620135, 3.3014612449217546 46.23938325329281, 3.2977919812509016 46.235138026782046, 3.2944206868825643 46.23405084368819, 3.2925438262262925 46.23270185653326, 3.283941050873698 46.232207905510215, 3.2722495014560558 46.230882653543816, 3.2639363156360357 46.23219159980851, 3.2607700078197857 46.23471314884434))",2022,1427135.47,699.0,0.005589196097830853
147,214901092,49109,2019.0,0.8369637420426238,83.7%,17474.0,14770.0,14134.0,2238.0,2307.0,2378.0,2401.0,2457.0,Coron,49,"POLYGON ((-0.6377863998696501 47.09167423688775, -0.6418013058120055 47.091999422399475, -0.6466023365860372 47.09410633826563, -0.6492498815073489 47.09950730653382, -0.6531161218129051 47.10183706568013, -0.6576268829743873 47.1010491360364, -0.6623461812458569 47.10193205659872, -0.6655007551365791 47.10357420328499, -0.6740098455604213 47.1028523145804, -0.6793032883545101 47.10378082626255, -0.6790285409694737 47.10811275684735, -0.6813890086048586 47.112038148395975, -0.6811897984681778 47.11469001990414, -0.673187580130207 47.11868702803462, -0.6779166946531097 47.12247266600754, -0.6844720980166515 47.126522562148196, -0.6844784863621737 47.128006429897816, -0.688878198149664 47.129737357139284, -0.6849282791912585 47.131799057732245, -0.6803738626131453 47.13058910181175, -0.6745186787970567 47.13122700326058, -0.6667573613215626 47.13321554935192, -0.6595752112805524 47.13673379540834, -0.661009523263292 47.13823696279191, -0.6611509912539263 47.141716761359405, -0.6552081570747114 47.14248545910499, -0.6479639576111421 47.14652105478497, -0.6466703395501783 47.148497537851966, -0.6429248022601193 47.15080934289583, -0.6347789197168724 47.15138822274454, -0.6240204639468903 47.14991918133352, -0.6140569307024989 47.14894049504096, -0.6112293630171971 47.147931944664826, -0.6117861458607105 47.14630151848864, -0.6079876055099794 47.142161655034734, -0.6077546549867535 47.13726527675577, -0.6049451725430203 47.135094637530834, -0.5989554678843603 47.132313227199255, -0.590351065684759 47.130257957978785, -0.5886126763033687 47.128440811168915, -0.5887473051553531 47.12617838925294, -0.5926794475750709 47.122378543417994, -0.5966322022450887 47.12031998638003, -0.604467496162414 47.119430725899896, -0.6070045408837114 47.11612548427432, -0.6051066054656755 47.11192623103907, -0.6032437298607757 47.105403055416645, -0.6009281890320316 47.10063605837418, -0.6030765966610377 47.095794431112786, -0.6042587072389679 47.090724801405145, -0.6070961839609407 47.08908770239138, -0.6107786616002235 47.08871457973057, -0.6194334310934112 47.09160540095732, -0.6288774311562163 47.09208344573759, -0.6377863998696501 47.09167423688775))",2018,1023869.99,1636.0,0.01380448703257725
148,213805625,38562,2020.0,0.8362315424918447,83.6%,86126.28,86295.67,83688.66,85353.66,13614.23,13427.65,13504.93,14820.79,Vizille,38,"POLYGON ((5.755528357084598 45.08503497917611, 5.75485660880692 45.086277103423924, 5.774276988709048 45.09359988924268, 5.777397638836109 45.097392240540046, 5.784954327343424 45.090882486011665, 5.794269000559752 45.08658567217933, 5.806287469317218 45.08325200914496, 5.807751493005528 45.083215122787905, 5.805518674013688 45.07888523192985, 5.798687250736858 45.07234887870884, 5.791485405670891 45.06936902056379, 5.787604681859226 45.065015620741114, 5.784603942359391 45.05993059426147, 5.785895761327241 45.05460919702079, 5.788698644930854 45.05021746643947, 5.788461168088541 45.049126896317716, 5.783657865237727 45.04827957094202, 5.781148627214209 45.04937428823922, 5.774321189053799 45.053866156113486, 5.764771065508903 45.05887671520964, 5.762211652290728 45.06268125352162, 5.761185469567262 45.06786674070226, 5.76250911120377 45.07241346424348, 5.763853579854487 45.07367012752302, 5.765793453735285 45.079556055684456, 5.762806673614608 45.082145698593976, 5.755528357084598 45.08503497917611))",2019,7839095.01,7601.0,0.010888203279985504
149,210203634,02383,2022.0,0.8353728298562507,83.5%,9831.55,9515.06,9829.17,10261.46,10371.97,11059.79,1653.28,1874.97,Homblières,02,"POLYGON ((3.3702080560496097 49.879787255558014, 3.3726224631453103 49.88125916411944, 3.3840539457696526 49.88308890650669, 3.3935822131752467 49.8847950926458, 3.3951613595268357 49.88176719312648, 3.397062282287226 49.88150377083754, 3.396527527784984 49.87713206773974, 3.3977802781993027 49.87082505588827, 3.4006452416012736 49.86586334911976, 3.402532863075568 49.86399196673907, 3.393706013496257 49.86189828806568, 3.388777355180755 49.85889118736176, 3.389854978278009 49.85580053692491, 3.3870101615372104 49.850278295195444, 3.388074511382211 49.84545108786971, 3.3878274495349685 49.839277329615165, 3.3898116794468867 49.83701986316085, 3.400527837591295 49.838142911459954, 3.4013122110766947 49.83608213972946, 3.395395467825304 49.8344291584773, 3.390471327528452 49.831679295124026, 3.389856265174599 49.829751688660615, 3.3762671882110595 49.832238454676585, 3.3712648072911224 49.83231808984638, 3.3615229389469703 49.841351917436995, 3.3568382944267157 49.84406705503617, 3.3525339553787625 49.84395092242829, 3.350347198056876 49.84614402176179, 3.3473424798230487 49.8458310171052, 3.3443265219433123 49.8438457070626, 3.3406201338712673 49.84334155958113, 3.339127920296005 49.844696387953974, 3.347050097190765 49.84698956681391, 3.350467589171391 49.84910228608028, 3.3506845559630754 49.85154572415103, 3.347881459368166 49.85148942396969, 3.349840552984529 49.859845033773084, 3.351992559063024 49.86704228426497, 3.3574331048092736 49.871850180618324, 3.36407732274619 49.876782859454835, 3.366371869053655 49.87555400799051, 3.370897887657603 49.878241598628414, 3.3702080560496097 49.879787255558014))",2021,701906.39,1502.0,0.015756787739174168
150,213702137,37213,2022.0,0.8337035329617367,83.4%,11258.0,11053.0,11373.0,12021.0,11833.0,12028.0,1791.0,2177.0,Saint-Christophe-sur-le-Nais,37,"POLYGON ((0.420566757643181 47.600985946426874, 0.4235025555478028 47.603758773415535, 0.4270163609406229 47.60847852047874, 0.4277388554226995 47.61339456309364, 0.4317236432792938 47.61831792412067, 0.4412412217215476 47.61994535496438, 0.4459413572534617 47.6199837977482, 0.4517923279679884 47.62204587788557, 0.4552016811384361 47.62702026788763, 0.4554653880203254 47.62954049837199, 0.4529614595706579 47.633741185503396, 0.4571050386234566 47.639440690144895, 0.462714702147856 47.642592938533674, 0.4620066344760149 47.6433512341124, 0.4651009756002999 47.64490131262451, 0.4762927441643241 47.64778704202898, 0.4766901578646754 47.645474607803244, 0.4787087253960117 47.64339059417639, 0.4966235057237012 47.646225872678215, 0.4984253526686312 47.64465266861616, 0.5016964080424172 47.64040303627741, 0.5083836054278372 47.632873684195914, 0.5037014596303846 47.62832508220388, 0.5042938595712669 47.61976286215516, 0.5089713339716442 47.6120615291357, 0.5081301363322999 47.60952912277554, 0.5037575585027049 47.608662016154774, 0.5012723828918305 47.60641674610348, 0.4959168136558257 47.608107231917174, 0.489722561327962 47.6092636553576, 0.4812642905881415 47.609597238486266, 0.4747091705668046 47.60823059988712, 0.4698275314585447 47.60799593573315, 0.4637316272446517 47.609088649785114, 0.4564110230566109 47.609703047901654, 0.4524533642527199 47.608198296577896, 0.4463222265995988 47.60400239977948, 0.4427985089174844 47.60747137349037, 0.4306989979121994 47.60372399174455, 0.4249622066279403 47.60134091466074, 0.420566757643181 47.600985946426874))",2021,679750.91,1143.0,0.017694717025093794
151,215201302,52182,2019.0,0.8332391393593388,83.3%,10503.57,10662.45,12307.88,1840.22,1850.13,1851.42,1922.34,2112.27,Éclaron-Braucourt-Sainte-Livière,52,"POLYGON ((4.829245355045809 48.612465986517755, 4.834532402856685 48.61270671576361, 4.84701065274401 48.614510675799046, 4.850518848173512 48.61419853996065, 4.854160836236132 48.61214499032624, 4.857699069188145 48.615439457442044, 4.864103979208449 48.614115452501146, 4.868984455656614 48.61391010954379, 4.883465414877816 48.611556173013625, 4.888343254433401 48.61128565643795, 4.898557633446569 48.615310289224304, 4.904212678062965 48.61489789889332, 4.903531578272377 48.606921099663694, 4.90040279246141 48.60420115342769, 4.8941230446396755 48.60082271687412, 4.896587996130909 48.59872211296458, 4.895885417172893 48.59551243416807, 4.889500051325343 48.59187776311137, 4.887177548020853 48.587083289410494, 4.88107803432084 48.58048040808659, 4.88012824077611 48.57579289703546, 4.881186515344258 48.57261966904298, 4.880073377766963 48.571542152393434, 4.875588864372896 48.574511764594206, 4.872664641485452 48.57468666632768, 4.871719285354468 48.57283341559616, 4.877055509289992 48.56637190634964, 4.872972855591036 48.56418160846049, 4.871340065706851 48.56768591204947, 4.867970529830229 48.57179722760557, 4.862819276135967 48.56427664032277, 4.866475658706025 48.562737692490224, 4.860077379672552 48.555816284159334, 4.8566948612956775 48.551295395464464, 4.853589075949102 48.540779085406335, 4.851288233080418 48.53920444636898, 4.846671087752962 48.535604337643164, 4.836993840095151 48.529634404490935, 4.83518394840995 48.52811628626927, 4.830951409182361 48.527086423922796, 4.815280757073311 48.5282930812663, 4.811981388592747 48.52318986118744, 4.80302818336763 48.52390579992932, 4.801292450141285 48.5245118938911, 4.799143746351569 48.530148911463904, 4.795592956366221 48.537610766485706, 4.794982772149829 48.539745793408464, 4.782887305733093 48.55435740392592, 4.796439125167557 48.56800321042041, 4.793283847811685 48.56998332741142, 4.78937679018645 48.56997774384936, 4.781663779442424 48.5671947569138, 4.780726153002158 48.565469541498295, 4.7761514159534375 48.56592443988176, 4.771306169124688 48.572824841273125, 4.770653530417232 48.57663511468185, 4.770430807235654 48.584497172482045, 4.769107414168495 48.588703868012786, 4.765687262732029 48.591588937010506, 4.763540752532887 48.59458386037202, 4.767404122750351 48.596136930458265, 4.770542363684297 48.59357809631946, 4.77482002394351 48.59293464500735, 4.7794386947630825 48.59370307963241, 4.780711386936669 48.59664715074916, 4.784133111890107 48.599559011162604, 4.7906179989901325 48.59772241872408, 4.79133111022817 48.595714809172584, 4.79688941913 48.59537336136126, 4.802267653238555 48.59831957896266, 4.807606486819708 48.60010667392142, 4.810643655896061 48.60315245997353, 4.817326927073536 48.60704437742488, 4.821678159537689 48.605689563378576, 4.825268958531052 48.60776027474689, 4.829245355045809 48.612465986517755))",2018,1168987.94,2108.0,0.01052866293898635
152,212003628,2A362,2023.0,0.8313008149330201,83.1%,52614.87,146597.92,143218.46,141864.43,138838.55000000002,138609.1,146487.95,24047.82,Zonza,2A,"POLYGON ((9.231945909571841 41.77443328318426, 9.236600166005752 41.771706428154, 9.246961666410124 41.76638307685268, 9.255144549325061 41.76505849799503, 9.25912137879816 41.76249984584151, 9.265630207915533 41.76011284561481, 9.286698283639218 41.75524396696873, 9.297613022841798 41.751107895113066, 9.307429126205903 41.74968132519018, 9.31780028949679 41.74615620735629, 9.31512204736807 41.742188460621946, 9.312088523460105 41.73327492740317, 9.31062104798949 41.721171202058734, 9.304116761715239 41.71543324186236, 9.304561897555715 41.71392293400385, 9.316032919061554 41.708590176390906, 9.321689733408679 41.70721814366406, 9.330416766133279 41.70701562559696, 9.334844251488907 41.704684761940534, 9.336486479796728 41.703037647510115, 9.34391162486247 41.702009328995636, 9.347646524345082 41.702106438022874, 9.357264911356157 41.7045571584325, 9.36289439214305 41.7077645913468, 9.3662220047389 41.71291741836106, 9.365673506967893 41.719079022256544, 9.367674763958322 41.72076414276728, 9.369929825998124 41.71998247785579, 9.373714343194486 41.72052730319705, 9.38042480606128 41.72489420248293, 9.388736435110516 41.72322842913808, 9.396096505847396 41.72078119778287, 9.401520595861834 41.718064218728806, 9.401546797251058 41.71670787301426, 9.403847584373088 41.71076172431671, 9.401923140271414 41.70739530034186, 9.400609363998521 41.7016693076017, 9.400808313927795 41.69391595482884, 9.39950921673307 41.692317792008005, 9.392544293902654 41.68958062438282, 9.385503233874285 41.690137607797034, 9.380738503526116 41.68771759502847, 9.378345419914064 41.68560505902989, 9.372757070607108 41.679557808223166, 9.373147090511239 41.67514769080218, 9.374903261036062 41.6713642956597, 9.379089069277546 41.66923958915343, 9.38353881554285 41.67116260467492, 9.388100120702381 41.67011133222349, 9.384489574245132 41.66794400175013, 9.380974120616838 41.66344856518127, 9.381540444547282 41.66147898383867, 9.384711296362068 41.660383259354674, 9.387302524128675 41.65712945943733, 9.385071451992763 41.6541042853869, 9.381158546465262 41.65072972549573, 9.380744402038241 41.64849720070724, 9.376992083439626 41.64820901632534, 9.37595466064448 41.64420820110359, 9.372477420352377 41.64325813640561, 9.372389845379118 41.64003825112314, 9.369568449926076 41.636339175855895, 9.364520660119377 41.63606465581968, 9.362500078307688 41.63979924888, 9.358325887122009 41.64121307160595, 9.351148969830017 41.639647695601944, 9.344660481735067 41.649328175384404, 9.343274485227358 41.65173397400836, 9.338114094282348 41.668171229012536, 9.342703479742156 41.67221610402662, 9.344244922007855 41.675283787368784, 9.343790825572734 41.680729618505, 9.342493523842615 41.68396867039314, 9.336027202357387 41.68584227891683, 9.331083976918121 41.69304217718859, 9.327121363779336 41.69728007645132, 9.32266297170633 41.700128510841836, 9.313587443223568 41.69706163483004, 9.307127571786754 41.69577226891962, 9.301856767168381 41.697507431233156, 9.299142844592726 41.69966968731941, 9.293499891293287 41.7011686861773, 9.274846072849899 41.69841346212972, 9.257783909613355 41.691045280161575, 9.243973124654238 41.68244958647093, 9.240195402554281 41.68602785878524, 9.23555774027786 41.68720604245838, 9.230744093015142 41.68671748556132, 9.22369861865998 41.688876292997534, 9.21983655979331 41.69084630905897, 9.203002876290473 41.69545273577231, 9.195167349517773 41.70165496222608, 9.188026780578646 41.70871862625183, 9.170317235577969 41.71827277047693, 9.168441368970877 41.72270410220073, 9.167879840738816 41.72976724925007, 9.166471377808383 41.732042742614034, 9.159556107581158 41.73302833946935, 9.15694073146115 41.7345358798283, 9.155983207926695 41.737816784960806, 9.15448641971392 41.73842033311088, 9.147020048415003 41.73911480968376, 9.13733305553967 41.73845488400467, 9.14036316467079 41.74176090989564, 9.144811220738063 41.74453260432056, 9.150566591729973 41.749033684203226, 9.158778475966015 41.75713173955497, 9.161784838492746 41.761019238238326, 9.16565900724088 41.764081858040974, 9.180152296104083 41.77168153058655, 9.188361344597855 41.77306981624393, 9.193395733062742 41.77477332084682, 9.201521250545554 41.78113232914944, 9.202740413447431 41.78447922275255, 9.20627870430177 41.78678638335382, 9.210634009250471 41.78614253581087, 9.21586774514224 41.79054256728343, 9.219450870801586 41.79491090075545, 9.222643871216347 41.796399425944266, 9.224638355530033 41.79557197501648, 9.226022208748576 41.791426258159504, 9.23061647705534 41.784832882234056, 9.234389450129905 41.78196477730978, 9.231945909571841 41.77443328318426))",2022,8651491.24,2794.0,0.016932104065795716
153,212900070,29007,2023.0,0.8308323545807083,83.1%,7706.4,8314.75,8695.1,8854.56,9316.27,10426.03,13558.58,2028.71,Berrien,29,"POLYGON ((-3.717128444539449 48.374539361250086, -3.7227586851814736 48.37428400540026, -3.7250239442605113 48.372151202198026, -3.72242299267506 48.36861438765605, -3.7245599648048016 48.36700602427049, -3.732822558617715 48.3667296628802, -3.7384675112513994 48.37267864560214, -3.739679716876707 48.37603575764186, -3.7419791238819533 48.377973319811176, -3.762753662486727 48.37626974903966, -3.768467726633998 48.37439123997421, -3.771831346626421 48.37019046611852, -3.773194902834394 48.36713854013209, -3.775490945059656 48.36526145631099, -3.790342349358665 48.36912865682085, -3.7974228375167565 48.37253606820427, -3.802068778796482 48.38578061716074, -3.8039610740815877 48.38832237844268, -3.8089970188791518 48.38874367676774, -3.815239030219629 48.39168126664871, -3.8183519745887566 48.39609199063341, -3.8240636772022287 48.399447649380875, -3.82754065839939 48.40364322389479, -3.826675817593619 48.40750748984409, -3.828904600902391 48.40886580783376, -3.8390261867483044 48.4108025023681, -3.843802239388201 48.41220724343937, -3.844299900995974 48.41676866654481, -3.8462311257707955 48.421829001550144, -3.840943151497941 48.42549662687211, -3.8353599931032036 48.42840521778585, -3.8235935771925136 48.43037717044513, -3.8163439077861367 48.42950194909459, -3.811372976070923 48.42810728856915, -3.810371724418977 48.42641941684603, -3.8065208147064604 48.42386110596462, -3.8031174034338617 48.42625481767664, -3.8060314210164816 48.429125705013824, -3.8047431355198316 48.43275537986369, -3.8025118123097394 48.43514628088546, -3.7951343191429907 48.43479426623143, -3.7912140703855712 48.435471770434155, -3.7866114762446594 48.43767511195207, -3.773895577736543 48.43989025998711, -3.770865218822665 48.43308200417626, -3.7639273352426867 48.430828244455974, -3.7576594097367306 48.430733755471294, -3.7551051765021772 48.42835844714646, -3.7552948236347636 48.42679616874747, -3.751471360120005 48.424428588687974, -3.7420399886246893 48.42024728662912, -3.735329511601482 48.420500117940996, -3.72929894373858 48.42452780491844, -3.724184883336159 48.42656380351508, -3.721375908253553 48.42523659943593, -3.7182562459998625 48.422246291878096, -3.7163028214929135 48.41615157249424, -3.7142147324963997 48.41510652028482, -3.703868660283634 48.41213785923331, -3.697790306886473 48.40815115161491, -3.6917084813305943 48.40642678946541, -3.6860360181501663 48.40254587276808, -3.6838335728952076 48.394460999536484, -3.684830190501583 48.39078479903406, -3.6871210409926607 48.38806965773495, -3.6868756584784808 48.386144297735505, -3.6985649147030446 48.38897344653179, -3.705769803620246 48.38727230612843, -3.7140158222386375 48.38913160463463, -3.7157317063893816 48.38269914871904, -3.717090626359607 48.379583720590865, -3.717128444539449 48.374539361250086))",2022,1032497.02,923.0,0.01313183451125118
154,218000685,80070,2023.0,0.8282849518268304,82.8%,6295.28,6214.83,7944.16,8097.11,8270.15,8400.86,7438.87,1359.96,Beauquesne,80,"POLYGON ((2.397155794162191 50.106508511691835, 2.401813479745251 50.10395937616585, 2.4080778168369803 50.101610709751355, 2.414327488154871 50.10048331714121, 2.414268427460306 50.09688232462519, 2.4182719135274784 50.0898284921823, 2.4250292605019133 50.08812425791958, 2.43005434235219 50.08840489407773, 2.428870754099313 50.08634181537625, 2.4215609312975923 50.08360699962647, 2.4174943932159163 50.07870097535064, 2.411085881804232 50.07641987829219, 2.4124255623558906 50.0735970839472, 2.408816191875095 50.07274383777477, 2.389329111192536 50.07136237333519, 2.381590196177049 50.071195006097675, 2.376582859220845 50.06962643940154, 2.371196824497762 50.066190985232026, 2.3710125034691787 50.064839710060134, 2.3756637329407764 50.06261291716417, 2.3806922865107385 50.0623812026148, 2.3834496765913764 50.05879419467623, 2.3822134929762293 50.053000779628434, 2.383057201696236 50.04972559780851, 2.3819659580463086 50.04856265387027, 2.3783117052277514 50.05156640735423, 2.364321580565349 50.0613329280537, 2.3518149575078535 50.05683062921622, 2.349709462845408 50.056433669672984, 2.34403119287186 50.0681063742165, 2.3448295420449057 50.06856075021417, 2.3371454888476206 50.079643536443285, 2.3342028226707896 50.08168521837448, 2.3276879338317444 50.087693909804834, 2.3496805886302576 50.09797170879198, 2.353927767594933 50.09619376640345, 2.365694203801123 50.09631943326021, 2.3692829685255443 50.09890987703309, 2.3772965937364647 50.093421089168224, 2.3849780120890416 50.09030916069177, 2.393961979478098 50.095947863693276, 2.3970141495933004 50.101492566905335, 2.397155794162191 50.106508511691835))",2022,856362.05,1377.0,0.008686594647672675
155,215405499,54549,2023.0,0.8276448731461666,82.8%,13925.65,14075.97,14797.95,15509.55,15786.2,16176.51,16697.94,2833.04,Varangéville,54,"POLYGON ((6.2787533647779625 48.63968691710292, 6.28437217167191 48.64501051074347, 6.292683477192031 48.649550468402914, 6.298098093679035 48.65004517376727, 6.30979081022535 48.653845773425004, 6.318276673780931 48.65799244734656, 6.326152416822139 48.66022199797291, 6.328212324415209 48.65874650269538, 6.33079417011396 48.6593188673598, 6.332633857166883 48.65746272928626, 6.338487228703887 48.65407615392029, 6.341917663070485 48.65107953991661, 6.350626620060491 48.64645197145685, 6.352762593402957 48.640075314447294, 6.347305037417735 48.635845942677136, 6.339597751451624 48.631615003864674, 6.334487695304562 48.62666631876024, 6.334425423142143 48.62415432467287, 6.324971800663079 48.621647207763296, 6.3185107159611675 48.624663504354025, 6.313281896896646 48.627065046688834, 6.309171769446837 48.631691130488775, 6.309074102253697 48.63324073104289, 6.304482936979524 48.636462003051335, 6.297310328687047 48.640656922263155, 6.2941760367747595 48.64061476442901, 6.289292513465379 48.63765603838218, 6.285715110320854 48.63678801991871, 6.281754360314561 48.6376062259936, 6.2787533647779625 48.63968691710292))",2022,3406580.84,3636.0,0.004901671436630284
156,212703961,27396,2023.0,0.8267357435287284,82.7%,2067.14,2231.47,2270.36,2309.37,3650.61,2598.39,2738.66,462.36,Ménesqueville,27,"POLYGON ((1.3894574098454964 49.35430516805136, 1.4014998276223878 49.36244642658565, 1.397799353290264 49.3666455700642, 1.3972236846787744 49.369212557067556, 1.39998890308721 49.372789269963526, 1.4077781418902784 49.36787161902834, 1.4132583855610774 49.36704255819546, 1.4203713185752673 49.361471559732685, 1.4263600394466847 49.360197996298474, 1.422527729138818 49.35905382902755, 1.4224797812551595 49.35737969520671, 1.4249509430493046 49.35438672899224, 1.4138028614639704 49.35256741462099, 1.4071035594380934 49.34797364908561, 1.4022901428077519 49.34334005762896, 1.3995708166011296 49.3447201460164, 1.3961747583661481 49.34873023469192, 1.3894574098454964 49.35430516805136))",2022,222133.08,476.0,0.012328915621212293
157,210206207,02645,2023.0,0.8253724145791869,82.5%,3567.3,3660.1,3790.3,4010.6,4086.2,4154.45,1548.2,497.92,Reuilly-Sauvigny,02,"POLYGON ((3.58511412924723 49.03896110713971, 3.5803021949846126 49.04040070972779, 3.572614832528014 49.04024448005793, 3.5697250123165274 49.03729695971614, 3.5633629427160676 49.041189484468035, 3.556290838607743 49.0432824472572, 3.5494892466419365 49.043056255774914, 3.542647053102248 49.0483660874972, 3.5354898636870313 49.0519387965751, 3.536102446758382 49.05399603929881, 3.537022744722878 49.057210631844214, 3.5424496446441096 49.05776561843417, 3.5464852561100595 49.057232338718734, 3.55064188449939 49.05882271013669, 3.5556052220455814 49.062082927955906, 3.5534765069710343 49.06582642248878, 3.5594119491393017 49.067730142840716, 3.559676443577717 49.06483210295418, 3.5616921665799617 49.059801543103106, 3.564040246978095 49.05818119345366, 3.5691485480096974 49.056612125009835, 3.574659319351065 49.05581340251134, 3.580287191684127 49.05668759178799, 3.587710494481961 49.059419599535666, 3.5866211121860627 49.04152876773264, 3.58511412924723 49.03896110713971))",2022,127490.17,201.0,0.01214368135206032
158,212203103,22310,2022.0,0.8253406536181936,82.5%,5160.01,5267.94,5360.4,5108.57,5221.53,5493.9,990.82,880.73,Saint-Laurent,22,"POLYGON ((-3.274516263306602 48.607787753040164, -3.276406356847874 48.61046582252288, -3.268098423252099 48.61394062592355, -3.259274062250358 48.61556856174806, -3.2559308657315316 48.615486198549775, -3.2496337283945165 48.61775552506999, -3.24802293291991 48.620682612008814, -3.248559893312339 48.627631139295936, -3.2504182071086407 48.63250759274395, -3.250045693484138 48.63595093303283, -3.2462379995170347 48.641835725874664, -3.245181129764357 48.64202043789604, -3.239857939640842 48.63687365982767, -3.237841662172733 48.631488603636136, -3.232132595865841 48.627201557704616, -3.2253356900140027 48.62529678455189, -3.2206028064798984 48.62425261047586, -3.2186176305459213 48.62157878445827, -3.222474794937085 48.616919639291844, -3.222676846370188 48.610384613720356, -3.2218953623180058 48.606291217060544, -3.2198974432471528 48.6043286592753, -3.2203500538684438 48.60236699834617, -3.222876876111556 48.60300986846311, -3.2284345130116376 48.60194345887765, -3.2313940709719318 48.59881668200871, -3.2326227958232807 48.60172381888572, -3.2406633173996697 48.60175394535463, -3.247839664453024 48.60357319616901, -3.2518950006129104 48.60142184310826, -3.2577081636974614 48.60085739015449, -3.265818400488749 48.60637329312118, -3.2680895554043494 48.6065119089629, -3.270926492817159 48.60319671274135, -3.274516263306602 48.607787753040164))",2021,320419.04,493.0,0.01714598483286137
159,219105681,91568,2023.0,0.8244129898331852,82.4%,3372.0,21677.92,19191.0,37334.0,19342.0,4417.0,46238.0,4447.18,Saint-Maurice-Montcouronne,91,"POLYGON ((2.1533158389745117 48.57732922855618, 2.134808297362402 48.5743623312534, 2.1315437394783268 48.57098953826055, 2.1294052338941936 48.57039427196054, 2.120367837098093 48.5677516254463, 2.1219807291182535 48.56473652975144, 2.109117376245699 48.557491956233356, 2.1014486915641095 48.55492247006932, 2.1017899887456575 48.56349091553776, 2.1054556957891535 48.57182672329173, 2.10494962524107 48.57858535380683, 2.1082755321730815 48.5840202434565, 2.0993380741891117 48.58685110549503, 2.094352371547273 48.5870708858083, 2.093036924370886 48.589701415357574, 2.092678084037447 48.593498481684186, 2.0958050828428574 48.59345787303526, 2.1054056144191677 48.59192033333476, 2.111220163601005 48.58893693750029, 2.1188823914497186 48.59221406914792, 2.123681736138729 48.59147666255142, 2.1302177873161936 48.59203982828997, 2.1405752355058865 48.591921854338864, 2.1447167724673264 48.589568775320316, 2.146316341710937 48.5873261507963, 2.147252007626462 48.58385508397876, 2.1533158389745117 48.57732922855618))",2022,1184931.28,1581.0,0.03902167221039181
160,210100442,01044,2023.0,0.8239875278595624,82.4%,7015.0,6144.0,5974.0,6133.0,7301.0,7138.0,2701.53,865.94,Billiat,01,"POLYGON ((5.799054682549661 46.0845813500728, 5.811245814741954 46.07853854971281, 5.811237585897806 46.07473271694977, 5.807942433729283 46.06500898004416, 5.807973945953385 46.06197627498388, 5.806091587622873 46.061635822916735, 5.793703790549465 46.0637479720191, 5.786875556303957 46.067012409101025, 5.772366248962528 46.06962585376418, 5.76815947555076 46.07127681062357, 5.756506801127411 46.07323784711215, 5.746459230245256 46.07373964824523, 5.7359905325391916 46.07702451385652, 5.728036774554058 46.07650653282412, 5.720638305566563 46.077780860730364, 5.7147625916519456 46.09288711767156, 5.719578932657126 46.09406189242655, 5.723444924104542 46.093001555955865, 5.730768212435227 46.092051437029816, 5.740841784883265 46.09200203115691, 5.748919773782517 46.09122601602928, 5.76407603406512 46.090212668947565, 5.770755748852404 46.08946914667355, 5.777327760906675 46.08659909691709, 5.77866017271226 46.08527630377398, 5.784528401687045 46.08326166091481, 5.794657418291346 46.08249648177405, 5.799054682549661 46.0845813500728))",2022,664360.8,648.0,0.004066359725016889
161,215906207,59620,2021.0,0.8236569283191607,82.4%,5829.32,6367.59,3763.11,3988.8,4110.11,763.07,674.43,704.78,Villers-au-Tertre,59,"POLYGON ((3.177436242013523 50.28883196371919, 3.174915782321323 50.28986405412923, 3.172709964860726 50.29436678072278, 3.166357203790961 50.29694671438795, 3.1620265237018326 50.30048786233767, 3.1569990756250004 50.307500795580616, 3.1541591797934685 50.303583358999, 3.152349683688272 50.306349608107084, 3.1542760528103653 50.30878980859999, 3.1604452421117246 50.3113530804178, 3.188720320794736 50.30957752408081, 3.191446644721854 50.30938048496307, 3.1944655688957537 50.30648321105902, 3.193846535185214 50.30307739065379, 3.190603985021603 50.30018987226737, 3.1948353764288973 50.29761207040894, 3.190986315300738 50.29446837798893, 3.1848211607641237 50.29287077339849, 3.1777427374023985 50.28986000974883, 3.177436242013523 50.28883196371919))",2020,282981.61,637.0,0.014524300713392647
162,210802807,08313,2023.0,0.8229114512948891,82.3%,1359.9,1269.87,1307.35,1435.4,1659.2,1107.36,1149.59,199.84,Nanteuil-sur-Aisne,08,"POLYGON ((4.320405731191377 49.50822447764522, 4.313551067497736 49.5007054489471, 4.311306190039883 49.49455195926988, 4.305411304497392 49.493392895533034, 4.30579715648286 49.48901277693159, 4.302419977618587 49.48518795695799, 4.299600247732374 49.48373811319495, 4.293455683709333 49.48444737796852, 4.292935477054815 49.48747750066753, 4.288648441777834 49.49093383089323, 4.285341541242926 49.48987495744526, 4.280140109352015 49.49256843988065, 4.274782410861661 49.497000822755446, 4.278522091930944 49.50346092786518, 4.276798294307502 49.5061174865637, 4.286990520447145 49.51604843872972, 4.289051701296624 49.5189223096158, 4.29465791148702 49.51641727750809, 4.30241832313022 49.516527231466384, 4.314824001633264 49.51549245083843, 4.3187454022968526 49.50940087096963, 4.320405731191377 49.50822447764522))",2022,36546.57,149.0,0.031455482689620395
163,218201457,82145,2023.0,0.8213974657256744,82.1%,2712.98,2769.68,2844.38,2969.28,6686.71,1422.83,2699.06,368.09,Puygaillard-de-Quercy,82,"POLYGON ((1.6647188260017574 44.0115009450667, 1.6613665474113857 44.01268437886669, 1.6525635362123092 44.012576311984695, 1.6514294671688112 44.00734251740194, 1.6551468681231933 44.00210403836246, 1.6566948976373987 44.001220874335075, 1.6585926641231727 43.996926567981674, 1.6580841879560964 43.995631497801924, 1.6544647495377072 43.99294492320085, 1.6523887904977397 43.993370453983985, 1.6476647506785944 43.991829984442916, 1.6415418993580309 43.992462959606534, 1.637264572117214 43.99479409336176, 1.6344329843982983 43.996756475563046, 1.6264528678530807 43.999878656482345, 1.6197136244236907 44.00366036150839, 1.6150042758649734 44.00521189827534, 1.6074316475447128 44.00994896411455, 1.6048645984988963 44.01204287337589, 1.6141008918409798 44.01280469841177, 1.6154201057953246 44.013981373892435, 1.616144067212731 44.017470452770034, 1.6177821371116516 44.02032665297885, 1.623376560088619 44.023103791192824, 1.6276007133915593 44.02309241050504, 1.630968289638171 44.025067887223855, 1.630361065193445 44.027895786427656, 1.6264353749771698 44.030424313144295, 1.6220891253441792 44.035460710547994, 1.6162901036645123 44.041058597679516, 1.6124967043028053 44.04178390335679, 1.6079354101117669 44.044497082018815, 1.6049725859691226 44.04800379397399, 1.603982171035319 44.05172894064622, 1.604966119425874 44.05560815247613, 1.6059296804259853 44.06399823551694, 1.608508783629827 44.068864407793654, 1.6099209133886867 44.07365127547061, 1.6167261330271225 44.0712240885486, 1.6180397319273097 44.06898510243689, 1.618307908401623 44.06164178990885, 1.6195391345666823 44.05907953936829, 1.6246610065915048 44.05179735168327, 1.628733981815437 44.04695070197296, 1.6351707440997385 44.04097343738547, 1.6424141077685295 44.03126813354606, 1.6454528838398803 44.02821252200913, 1.6505440637590711 44.02576215065317, 1.6542993282518152 44.02277958855704, 1.659847928808547 44.01994777240659, 1.6643496861986482 44.01574962351973, 1.6647188260017574 44.0115009450667))",2022,155841.89,387.0,0.01731922014036149
164,216208025,62802,2021.0,0.8211286647992531,82.1%,3639.42,3834.11,4129.21,4335.0,4590.0,892.03,716.23,786.38,Le Souich,62,"POLYGON ((2.3432741654058407 50.23558913546941, 2.3453410475686027 50.231742901866824, 2.3508726199158105 50.23292936969607, 2.356531434852369 50.23205905582752, 2.366574076269902 50.235454077112465, 2.3684998684662277 50.23469252572005, 2.370863332280663 50.23116882747846, 2.376962925957144 50.22721402303683, 2.382021928325587 50.225825196325225, 2.379713021229983 50.22497783984011, 2.3754541898009 50.218720348268945, 2.37308626355402 50.214529545610574, 2.3716283321206904 50.21015045491621, 2.3679267653820846 50.20788136831164, 2.3618887013598115 50.207078726509614, 2.358265791951486 50.2066098558587, 2.3548273480990463 50.20749192736991, 2.35997940367932 50.21459065033995, 2.3532906906825097 50.21732009975331, 2.34846641378594 50.22398065373706, 2.3399164398200747 50.230106741973124, 2.340091319825658 50.232164883617706, 2.3365238736803047 50.23503864214033, 2.3396359781730927 50.236148258501196, 2.3432741654058407 50.23558913546941))",2020,102540.91,155.0,0.04476262205981983
165,219000908,90090,2023.0,0.8202278560814158,82.0%,4329.9,4410.68,4551.13,2958.46,3193.18,3579.61,861.79,399.22,Saint-Dizier-l'Évêque,90,"POLYGON ((6.942663013196884 47.48492551636701, 6.949135942847268 47.485673953861394, 6.952346520505409 47.4850487688634, 6.954854886767682 47.48399567401825, 6.970103645734932 47.47908870403581, 6.974044269567962 47.47669576190364, 6.981346825347764 47.4731552560183, 6.988234111322104 47.473048457337676, 6.990196887539703 47.472400417731976, 6.991660666549771 47.46634911613213, 6.991736432770549 47.464797843766114, 6.988793934419504 47.46257575666414, 6.9817259776360245 47.460236764359415, 6.976673468550057 47.45666698322707, 6.972609891875374 47.45222436986813, 6.971134519674804 47.44911289569474, 6.969162818823512 47.44963189165931, 6.964159175768646 47.45315795668082, 6.9582671144206 47.455036311487305, 6.943781753544573 47.45333441948825, 6.936012206517223 47.45572694292284, 6.9381779132741315 47.45913805200658, 6.935825000669462 47.464895954971766, 6.93844196734332 47.473131218522326, 6.942663013196884 47.48492551636701))",2022,274969.15,447.0,0.0031341334109662843
166,211001748,10181,2023.0,0.8201866463171308,82.0%,2328.04,2334.29,2403.04,2809.05,3110.04,3388.92,896.19,385.26,Jully-sur-Sarce,10,"POLYGON ((4.340231532790257 48.11630894288335, 4.339383744900302 48.11341917226764, 4.334941237614234 48.106188812621426, 4.330332342427624 48.09999105044796, 4.331828114829293 48.0940464279255, 4.331166535350127 48.09083229976242, 4.326467696723203 48.08869459008091, 4.3203146319023595 48.09031005676734, 4.312608386431664 48.09174920987559, 4.30642113335332 48.092011254366334, 4.301432872671523 48.09380609808614, 4.294193628576011 48.094594560550824, 4.287898216190814 48.09440579558317, 4.278956185592311 48.09282795603544, 4.272600598076075 48.09012620880682, 4.2703181556118315 48.0877668727229, 4.265634377756877 48.08614205264551, 4.261483728959646 48.08657314665865, 4.255916313772508 48.08031833444551, 4.253112653198534 48.08041261669925, 4.252446211915348 48.080870722986525, 4.255908268707103 48.08405544580877, 4.255450568345732 48.08515565639172, 4.242771838450185 48.093279497896205, 4.235410498057109 48.09715829990649, 4.229534981408919 48.09837948585048, 4.2305413904595675 48.10835567205263, 4.232846307821027 48.11586989001327, 4.22470517602133 48.11969164557984, 4.220886598646391 48.12205070106909, 4.226135417939941 48.12708615580985, 4.228389143827625 48.12822242828949, 4.234202770625134 48.128355020617605, 4.243839162117695 48.12632090207332, 4.24825819313027 48.12891581881032, 4.250078636355275 48.132182433291035, 4.248572590976265 48.138125863971325, 4.244390651985761 48.14152035455531, 4.246537904971957 48.14220640149053, 4.252658039563088 48.13885569844069, 4.261152074213637 48.13760546867404, 4.263431462373032 48.135712628811916, 4.257831050575865 48.12829867598939, 4.260781714206803 48.12614099238681, 4.255303959560415 48.11975645341538, 4.259263660107717 48.11932765418065, 4.267999509293894 48.12425957404521, 4.269436839332391 48.127658889138836, 4.272548260170164 48.13219986275879, 4.27522314672749 48.13468372442336, 4.2749911289266755 48.129080857580206, 4.288471474409513 48.12191148072259, 4.289197226565742 48.11990621054447, 4.295889205512742 48.12034830029482, 4.303222457172911 48.12323128119169, 4.30974529522861 48.12464091466444, 4.31823087476756 48.123193325245715, 4.326248124638416 48.122394693961056, 4.329318381947047 48.121264800680216, 4.340231532790257 48.11630894288335))",2022,204362.43,233.0,0.00438529723883201
167,210500906,05090,2023.0,0.8167038192727271,81.7%,420.49,7468.88,7444.86,7674.08,7497.98,8588.66,8983.01,1610.41,La Motte-en-Champsaur,05,"POLYGON ((6.19325718292973 44.74053580605094, 6.191296549672998 44.73968922742336, 6.189891718088741 44.735794767691964, 6.1918768984032155 44.733866847917426, 6.194409547713262 44.72714956548044, 6.194030799710723 44.72528978867204, 6.190866232530876 44.720865567334954, 6.189312608073293 44.71594332336442, 6.17510868462551 44.71106218807228, 6.168754494247315 44.70976066403979, 6.157861420400753 44.70542762404686, 6.149315777415045 44.705606642789526, 6.145123910964114 44.70714496606651, 6.140897423483978 44.71132881047745, 6.13704350480894 44.71730806257715, 6.131154374925627 44.72108708319084, 6.122205836773026 44.725532643977026, 6.1123860525808675 44.7274217665995, 6.0992417167664765 44.726822956628936, 6.095523826154766 44.725443387087815, 6.083275188985563 44.717915792156234, 6.079019962569357 44.71667967302222, 6.074307532116164 44.71706866973461, 6.07111966816345 44.71870523327641, 6.067376065730759 44.72184066719241, 6.067040911539035 44.724043051405815, 6.064411928540135 44.72592193586365, 6.061090117561159 44.725110796383575, 6.058261224298481 44.72164133749718, 6.055058615213458 44.719665690676614, 6.051401466919022 44.722733670905534, 6.047799140364009 44.73186323977682, 6.049917957444271 44.73567504931532, 6.0534605094852365 44.73886705588519, 6.065443585237292 44.74485729047073, 6.069022741110613 44.7486928722712, 6.077178183315503 44.7529173400712, 6.076929139483845 44.76001969487612, 6.082975983625677 44.762302727737826, 6.086926479782966 44.762902261059324, 6.094524104626121 44.76520596747085, 6.09846689982037 44.768966054290274, 6.102842370832724 44.77064973996125, 6.111490720467582 44.772148841372186, 6.121230940043429 44.770326736005146, 6.125510519431728 44.77027059315547, 6.13807406512645 44.77333428055024, 6.144027563388418 44.773875070511636, 6.147737072919323 44.771770040128715, 6.151143767146883 44.77077010594283, 6.163404009383581 44.77003367253652, 6.16589331887302 44.76893045177351, 6.169106895736973 44.766129269901995, 6.176147973177705 44.76173464406208, 6.177235864098607 44.7600262557182, 6.1764427097753725 44.75404983401937, 6.178599968019755 44.751923714557236, 6.182925293927053 44.75108991323299, 6.187894072285889 44.74875374961285, 6.190537863112992 44.74558125814215, 6.19325718292973 44.74053580605094))",2022,169055.18,220.0,0.053136555768359184
168,212001960,2A196,2023.0,0.8162248497617893,81.6%,1814.34,5179.9,5499.24,9754.6,2869.84,1898.47,16345.89,1676.43,Orto,2A,"POLYGON ((9.006158278736448 42.208663284491315, 9.001257796771469 42.20771488780329, 8.991113451649616 42.207578950676364, 8.988407038061306 42.20844161543211, 8.98254350816671 42.20832103161984, 8.9779732891013 42.20290098360625, 8.975976893874108 42.19959395220369, 8.970955966906468 42.18716648781917, 8.964629884170728 42.18590975772869, 8.96086289850207 42.18663786622601, 8.957679381946681 42.18623621969846, 8.954740609207182 42.18136897033839, 8.950023332272512 42.18047263503275, 8.944327531684106 42.18111489662023, 8.937644822974892 42.17890888786858, 8.933581623540643 42.175846153030506, 8.9276899214485 42.17282109592339, 8.920999747189413 42.17138874805764, 8.921006407703558 42.17577542598621, 8.91897534542326 42.18072757820932, 8.922464345309258 42.18588747954823, 8.92286120501007 42.19154276303182, 8.924776506858757 42.19408090794579, 8.931303893829524 42.19732880826383, 8.939817491704419 42.204658788232265, 8.947636359632666 42.20770442481611, 8.953830127928327 42.21193766271576, 8.971009143869447 42.217681716240776, 8.979873242064249 42.22408603714136, 8.984348674512855 42.22428520887391, 8.991910734364831 42.21708322540241, 8.995359677096923 42.21579135807106, 9.002709618063806 42.2142140452312, 9.005623988255781 42.21282304584829, 9.006158278736448 42.208663284491315))",2022,76405.72,52.0,0.21393542263589688
169,216203422,62342,2022.0,0.8152521497599261,81.5%,2438.78,2531.86,2653.27,2759.56,2861.8,3373.78,545.12,606.89,Fontaine-lès-Boulans,62,"POLYGON ((2.2785936490993337 50.51379665404301, 2.286559910083439 50.50985850402191, 2.2933708389822227 50.50867656000675, 2.2968596335157074 50.505740309899544, 2.3020957596444527 50.49375258031205, 2.3030498585184866 50.49073751914283, 2.300067052346443 50.48654346469824, 2.2975484591184236 50.48543668648671, 2.287092059631295 50.486597935990424, 2.2810957283115862 50.487720024695236, 2.2708802310695293 50.4931870571809, 2.271055064351481 50.49511602712099, 2.2680027592282364 50.495869190054634, 2.263603389224879 50.498606468174096, 2.2624637766018116 50.50027055448999, 2.2636474557184445 50.50252684283873, 2.2682616734516006 50.50596018028328, 2.270653194762519 50.50886614652538, 2.2785936490993337 50.51379665404301))",2021,70017.58,104.0,0.0481847558855933
170,217102250,71225,2023.0,0.8152015496150876,81.5%,2753.43,2834.02,2915.2,3012.83,3135.25,3123.31,3298.93,593.41,Granges,71,"POLYGON ((4.741571120520553 46.72224860083147, 4.745237284386739 46.73063955679812, 4.743727096920627 46.73356401093261, 4.74055536650186 46.73470825690019, 4.731555996044557 46.73658521404428, 4.720484144942645 46.744553402317266, 4.720826422012605 46.746418118051245, 4.72533826646802 46.751766530254024, 4.731596546967118 46.75560547988138, 4.737215796225463 46.76009853776478, 4.739703047987312 46.755225085969826, 4.742157574377887 46.7522863937825, 4.751526174482891 46.750080628107106, 4.760001027256331 46.74653374551153, 4.778275031900146 46.742512511922065, 4.78393421024504 46.73378460803371, 4.78060345861654 46.7329336056207, 4.775722144506474 46.733718461968095, 4.771825279281771 46.72997442756572, 4.771120633697528 46.72572971493754, 4.769481739750869 46.72465885055388, 4.76243425184986 46.722639466654336, 4.768817055338363 46.718737061811446, 4.772766440360633 46.715452201520876, 4.7733822508997354 46.71408863459846, 4.7657598412821125 46.714657496966076, 4.765093555212283 46.71447430874883, 4.756445877628109 46.71834671290896, 4.751217449338923 46.72003855210211, 4.741571120520553 46.72224860083147))",2022,399241.3,538.0,0.00826299784115521
171,215300732,53073,2023.0,0.8138389890448983,81.4%,16462.22,15024.15,10158.900000000001,10251.35,10434.05,10823.51,11628.13,2089.81,Congrier,53,"POLYGON ((-1.0753707122999643 47.77446519184514, -1.0807845461263328 47.77472819607007, -1.0848366310227657 47.77607083527558, -1.0899861000265134 47.78040752037754, -1.0945192027392066 47.78173303471778, -1.1081097843012935 47.78183753153548, -1.1171937118983415 47.78345404008614, -1.1241807610623613 47.784111391323066, -1.1326351417894034 47.78381320905046, -1.139629209097162 47.7820820216827, -1.139817822238693 47.78697915102702, -1.143323539133438 47.79240415205409, -1.1472566483672475 47.79465226345235, -1.1509024324035393 47.79568448778115, -1.164137520605667 47.79611783940678, -1.1671716079989785 47.79794561879243, -1.1656438811052685 47.7993549930589, -1.1627138171777087 47.80500826703449, -1.1642559541578426 47.80746986968001, -1.1708266020790767 47.81013961710381, -1.1743675072028177 47.81349776102962, -1.1718323722992576 47.81804024230989, -1.1711133525347246 47.822388939275825, -1.1681933802607851 47.82449310642282, -1.1594296157960227 47.82338510289682, -1.155493346807549 47.82236339223754, -1.1512782508597543 47.82270641484567, -1.1489185998513682 47.82582257677487, -1.151040767736742 47.83200608382864, -1.1507460067511739 47.83440385425458, -1.1488006330950904 47.837892429834945, -1.1475260212200737 47.83638902338113, -1.1407801804342486 47.83520813199943, -1.131022901789929 47.82877778635927, -1.135271621462893 47.825143709167484, -1.1366866177980453 47.821028856508605, -1.1357972976901114 47.819511726702686, -1.1304908730910133 47.81821496124999, -1.1270173919104651 47.815691998530106, -1.1196828967109325 47.814337163548366, -1.118068666541244 47.81465201823116, -1.104327250382985 47.811456655279414, -1.0954193523119313 47.810929719932055, -1.089856117211779 47.81002727749756, -1.0722974388278694 47.80225153750719, -1.0824114016211581 47.79215672662012, -1.0828539558176584 47.78788290374896, -1.0804958951508712 47.78602948993758, -1.0758488751100894 47.77819077348459, -1.0753707122999643 47.77446519184514))",2022,703119.12,910.0,0.016537923190027885
172,215903402,59340,2022.0,0.8136181376701507,81.4%,137785.53,128308.73,121791.76,86495.7,124340.46,248516.69,33221.31,36272.5,Leffrinckoucke,59,"POLYGON ((2.4464741421300924 51.04512291659138, 2.4444988596488435 51.04761834496358, 2.437826434347356 51.04848750978978, 2.4332726466309254 51.05231954311723, 2.4320813367063048 51.05790030735731, 2.4527348592702256 51.06300044881781, 2.466536274047257 51.06678400018711, 2.470525577964843 51.058068665083184, 2.4706697573980563 51.05415256170261, 2.4660685082671807 51.053041488963736, 2.4662605326877993 51.04469511405329, 2.4656044469707066 51.038977634676584, 2.46905747151237 51.03231442557457, 2.459873216858234 51.0288077482727, 2.447609613648144 51.02592894100691, 2.4440008553463035 51.0279677380545, 2.4469349989277602 51.031319718830055, 2.4478265477527104 51.03408472435606, 2.444731003909005 51.035997358803186, 2.445101534253369 51.03953057566558, 2.44723650240179 51.041081060635975, 2.4464741421300924 51.04512291659138))",2021,5750350.1,4352.0,0.04321766252110459
173,218004299,80449,2023.0,0.8114813434510372,81.1%,1151.54,1465.7,1488.43,1533.05,1585.58,1735.55,3389.46,483.08,Ignaucourt,80,"POLYGON ((2.561934540084865 49.8271440593411, 2.5650310548294626 49.827734008908344, 2.5747367624248745 49.82763957041331, 2.5828511287803138 49.826381181523516, 2.5865689396255993 49.824399923639064, 2.589369063921804 49.824538015633564, 2.593479985324896 49.82339402282869, 2.594005740729142 49.820179780898165, 2.5875622643794562 49.81288998449776, 2.5838579020640404 49.81332765159373, 2.574099408370115 49.80808399841844, 2.5722116156528836 49.806598009946875, 2.5724331544159647 49.804025938051886, 2.576048144698356 49.80223755534424, 2.5662609124033287 49.80072375593116, 2.560917532642612 49.80578603335229, 2.56831082363989 49.80664859170185, 2.5688663661487157 49.81192487139962, 2.563699057812913 49.819689277445804, 2.561747690646192 49.82559971767391, 2.561934540084865 49.8271440593411))",2022,47157.15,71.0,0.07187584491429189
174,213500226,35022,2023.0,0.8112933378534443,81.1%,8586.0,8978.0,9394.0,9817.0,9977.55,8985.0,5232.94,1341.51,Bécherel,35,"POLYGON ((-1.9349693839422721 48.2988262582285, -1.9409819761397868 48.29444448343848, -1.9480838304305907 48.291307556531684, -1.9488954106436027 48.29269346710021, -1.9478037198205667 48.297644259247214, -1.9398770487015777 48.30029927546933, -1.9349693839422721 48.2988262582285))",2022,671708.53,703.0,0.007790492105258808
175,214502767,45276,2022.0,0.8101616101325475,81.0%,1051.95,1208.85,1271.43,1301.5,1318.43,5081.54,578.89,636.07,Saint-Firmin-sur-Loire,45,"POLYGON ((2.6593502221340124 47.57916822817935, 2.6640221957438794 47.5829838855052, 2.6550548812690113 47.59133524107733, 2.6526308206090494 47.59558123958785, 2.66008891903898 47.59863197266539, 2.6653330589025583 47.60322250203185, 2.6714521737829675 47.60601087954186, 2.677073784046543 47.611890752299104, 2.6829071936215927 47.61461328085772, 2.6858770004473267 47.61513683855802, 2.6970533131654992 47.622899316306054, 2.7045805181454132 47.631940329907415, 2.7097133873594514 47.64065268307412, 2.7150587809678233 47.64582107250776, 2.7268044692953914 47.63818071843051, 2.732683636930206 47.63284574925319, 2.735676008479854 47.62911499581061, 2.7391592004509318 47.6230009414428, 2.7400622699741604 47.61481893218781, 2.725154498917181 47.60460304521032, 2.722772211956194 47.6017619786257, 2.716754294413805 47.59755881516204, 2.7150568692351618 47.59227044195117, 2.7085395766463725 47.59206102430729, 2.704648607351163 47.584962599744344, 2.705147393598994 47.58141952947433, 2.7034308846469632 47.57986856057259, 2.690436431594985 47.57306833546937, 2.683841768526577 47.570150725995354, 2.6810434231074356 47.57342969432486, 2.675184051292398 47.57573347012764, 2.671721566448985 47.57778594718806, 2.6670161664681764 47.57931923924412, 2.6593502221340124 47.57916822817935))",2021,367302.16,513.0,0.013834767538530131
176,217704808,77480,2023.0,0.8099996397387428,81.0%,12402.66,13647.73,14124.94,14830.56,15704.81,16960.14,11075.07,2663.35,Valence-en-Brie,77,"POLYGON ((2.9049162398149635 48.47461878387202, 2.9036633224793764 48.46688912426912, 2.9007499053747328 48.46147664197816, 2.901937160940411 48.451881116578434, 2.903901135142289 48.4434454625001, 2.9062440630033763 48.44061343531541, 2.9098506276870046 48.43913486996355, 2.914037072272067 48.440297301491015, 2.916469648469467 48.44190921064153, 2.9270966429628715 48.43508907236784, 2.9249572467641864 48.43276907843934, 2.9236909701921916 48.432897085415874, 2.916297406438537 48.427739507074484, 2.912989292068506 48.425998122265895, 2.906945640049889 48.42947154368623, 2.9066489073851094 48.43204760665619, 2.9044063565186233 48.433462781875, 2.9004176477742076 48.43114083751736, 2.89750466255286 48.42669423935768, 2.895363324010462 48.42617710912567, 2.8904934227522476 48.42662356757583, 2.8882498465802344 48.42842488781093, 2.8844411304698596 48.4333162032871, 2.881120461531773 48.43743498380171, 2.86942541144184 48.440256601616994, 2.866890263143036 48.441284296435335, 2.8680539733648716 48.44334661596121, 2.866685642893244 48.44514847668782, 2.86151504235449 48.448040856417535, 2.8595613104506303 48.45003516397643, 2.85936318735083 48.451258652397385, 2.8662733605660273 48.45403611210788, 2.873291023344314 48.452948902940015, 2.878738117472672 48.4568189665396, 2.878442977221184 48.45804238078505, 2.8824298737843757 48.46165313124459, 2.891877399655835 48.46391631489777, 2.8923509151798097 48.47061492775921, 2.894389578388072 48.474609888964686, 2.8951663732094595 48.47609189668101, 2.9049162398149635 48.47461878387202))",2022,665270.58,1057.0,0.016647466959984914
177,215906264,59626,2021.0,0.8095146762793439,81.0%,29639.52,31166.82,33204.72,34213.16,34296.37,6753.31,6023.88,6797.9,Villers-Pol,59,"POLYGON ((3.6017567931798484 50.31230319364701, 3.606885662981197 50.31041392923487, 3.6134008200057957 50.30626773228675, 3.6176032586668323 50.3030327056898, 3.6308981294397498 50.3001370093203, 3.6376330056036372 50.29765965779904, 3.641822576283731 50.293588156166294, 3.652031718457919 50.28659206898242, 3.647865481042949 50.28449270825576, 3.6470176104026972 50.281347293964124, 3.648472432142945 50.27671124280348, 3.6372326492635625 50.28191254735499, 3.6318665708086355 50.28065451781437, 3.6255740307694118 50.277922445616426, 3.617549876862723 50.27384878150873, 3.614170106001501 50.269815796718206, 3.60959541525684 50.267074303431556, 3.6083944866651803 50.267915934013416, 3.5958927207733242 50.27755529648635, 3.592073717153811 50.2789879344646, 3.5852136188212222 50.27934212097986, 3.58715607779583 50.2814542153277, 3.595415354579733 50.297035147901475, 3.5975570790691287 50.298824663530986, 3.59194368741733 50.30238720868139, 3.588623896081161 50.303495879568324, 3.5868165652748245 50.304404426765046, 3.5923151482918425 50.308234970352295, 3.6007253628745195 50.310508376170795, 3.6017567931798484 50.31230319364701))",2020,670198.75,1297.0,0.05117343176184677
178,212003222,2A322,2023.0,0.8085383591809361,80.9%,2811.91,1597.94,2020.64,3056.18,3173.85,3289.44,6074.42,896.41,Tasso,2A,"POLYGON ((9.065567558944043 41.963402523926995, 9.069000042272627 41.96210863401188, 9.074685841379868 41.96326539424652, 9.07935389535439 41.96551262602551, 9.083702274972632 41.970552056510066, 9.088417397342269 41.97492512371872, 9.097450790692639 41.97814565437098, 9.099925501003492 41.97768018909682, 9.110036597757205 41.97451519278979, 9.107608286475713 41.972075157075395, 9.114610192943088 41.962444673183775, 9.115274310082143 41.958793535381325, 9.112020544700536 41.95007937100134, 9.113276015602171 41.944587754786184, 9.111034664197499 41.94058886895169, 9.108839838945144 41.934522965770384, 9.108998842604347 41.931030244564, 9.107077506913242 41.928432058288976, 9.108372789635274 41.9224867730279, 9.108511701241195 41.917963128850104, 9.104803377598966 41.917403653869734, 9.101733283152562 41.92299992925013, 9.098243969813922 41.92455631263406, 9.094860945713528 41.92462274711636, 9.092900410833405 41.92331679105312, 9.088101171654817 41.92649663671398, 9.088559420230217 41.92840543527815, 9.085275002443268 41.93194928719523, 9.075177553887826 41.932660033387535, 9.071673332589699 41.934925923270875, 9.069810903325408 41.9370972838717, 9.070121826597715 41.94011125854033, 9.075085835254871 41.94524435524316, 9.0734806408049 41.95159405002291, 9.067466823998974 41.95651996047835, 9.065782596801325 41.95958413943198, 9.065567558944043 41.963402523926995))",2022,193109.29,95.0,0.03145586626101727
179,211402722,14272,2023.0,0.807671717557968,80.8%,2622.46,2790.68,2920.69,3006.61,3102.55,3382.1,3548.03,666.43,La Folie,14,"POLYGON ((-0.9550250738097081 49.27263148144251, -0.9498799441509562 49.27273569864811, -0.9505531673921401 49.26987831218726, -0.9537075362429749 49.265779653491364, -0.9542123293774905 49.26331438023109, -0.949598196627899 49.259985881998034, -0.9514620335630568 49.25715387011124, -0.9601290840776501 49.25390515791921, -0.9649810399454903 49.251296878473404, -0.9675057654169023 49.24676732860231, -0.9718677670548187 49.24681696780589, -0.9736164852308518 49.24637266840055, -0.9793470235490528 49.24747241940292, -0.9795349688233721 49.248626170477706, -0.978250753631321 49.24995740831554, -0.9832766397540176 49.25604226561395, -0.9822801530774053 49.26239045363099, -0.9898998515362019 49.26226738144383, -0.9949718001894818 49.26635255084213, -0.9879102333160075 49.2672951975107, -0.984392125521173 49.26921586395109, -0.9813289163760144 49.27318349248572, -0.9761794990474383 49.27837973919492, -0.9757893244519263 49.2810346360745, -0.9693037782018717 49.280475003427995, -0.9664765354013871 49.275928381850015, -0.9610105080429205 49.27185504515969, -0.9550250738097081 49.27263148144251))",2022,62885.99,98.0,0.056420038867162625
180,214402026,44202,2023.0,0.8071718959204066,80.7%,6054.9,3135.92,6558.25,7481.47,3309.4,7943.05,7659.24,1504.28,Teillé,44,"POLYGON ((-1.2455655250347373 47.455875325681696, -1.241882009253709 47.451685606267844, -1.2383417841495552 47.44929765477882, -1.2399836683645575 47.44826971867877, -1.2471724367120618 47.44716838464131, -1.2566040391824627 47.444177401031716, -1.2616131809563724 47.440960538693766, -1.2705925626949357 47.44192190275558, -1.278785772076602 47.4414270734934, -1.279836191446892 47.43900039283537, -1.2846420023707912 47.438048898138916, -1.2929222359769652 47.43864704947913, -1.2953033348211813 47.44088261572486, -1.298796255820118 47.44146349193867, -1.3030522883853053 47.439627968313324, -1.3078732819001602 47.438868566831566, -1.3149609201058994 47.44247830779103, -1.315611621968493 47.44936021291408, -1.3180896080149205 47.45159175934403, -1.3239336888748472 47.451632792629276, -1.3282224717760185 47.45612034343773, -1.3276008784610285 47.46027420863617, -1.3292083630930922 47.46357061004136, -1.3209558247721047 47.46929899546188, -1.317560732263438 47.47232943189596, -1.3159954580438962 47.47548551317264, -1.3165852312103723 47.478045301373484, -1.322400510083368 47.48125013763411, -1.3245952036096211 47.485880146817166, -1.3270890841952176 47.48946632733397, -1.3133376865356359 47.490041335518434, -1.304298267082703 47.49082778375511, -1.290750259838692 47.4903599397195, -1.284824357814839 47.491739975205334, -1.2779639097078528 47.49102424670402, -1.275160235208608 47.48951378022559, -1.2738161700357058 47.48588439607041, -1.2704642122248957 47.48110244981286, -1.2614423658462635 47.479690633651074, -1.2527570041365912 47.477684988397215, -1.2500230350244936 47.47462248087912, -1.24391248895923 47.47245759543989, -1.2468224610059062 47.46809185417173, -1.2449814370361234 47.46299593755694, -1.2455655250347373 47.455875325681696))",2022,1120126.37,1829.0,0.006837835627421216
181,214902710,49271,2023.0,0.8034957353368308,80.3%,8337.34,2744.69,8559.3,6070.52,6674.14,6733.17,7004.14,1349.72,Saint-Clément-de-la-Place,49,"POLYGON ((-0.7360368694442115 47.496773047257896, -0.738442237100951 47.499663613884834, -0.7474345667033464 47.502213294533476, -0.7547780800289762 47.50855748661251, -0.7569717624479602 47.50977708055384, -0.7684932836795528 47.512824246998136, -0.7870509752582248 47.52048060020954, -0.7865594867705333 47.5230127832598, -0.782006060554025 47.52909634638076, -0.7812273221542693 47.53028294191311, -0.7743278937159733 47.52895825613164, -0.7705069919477666 47.5291465022042, -0.7697277174821393 47.53168788924392, -0.7655043455909394 47.537050333234966, -0.7643004446068186 47.541734431920446, -0.7638830651039908 47.550780210531855, -0.7616715216867611 47.556141930855176, -0.7577563075962735 47.559106915469265, -0.7446627901735454 47.56249597743437, -0.7373131635833017 47.561635083242194, -0.7289349104043606 47.55977440870988, -0.7145096769556565 47.555073837343606, -0.7048842823178588 47.55041261292377, -0.704843487260474 47.547059179656735, -0.7091693948408591 47.541695915590935, -0.7097380305503406 47.53883917635208, -0.707891117833275 47.53709155645524, -0.7042428614424189 47.537014052521435, -0.7037818782964942 47.53451264488277, -0.7068456960625183 47.52893146397859, -0.7124372120555574 47.522495455181144, -0.7132923372536863 47.51962952851436, -0.6995325081915937 47.510519167398286, -0.6945852639745679 47.50686984124338, -0.6857786487861911 47.50837468727559, -0.6805919561946853 47.506796840673665, -0.6784514480126264 47.5049290431789, -0.682429158719398 47.502867885863424, -0.6864690360871859 47.49893368189552, -0.6901771575952712 47.49436467582155, -0.6949759484654712 47.4903415481359, -0.6995123227466874 47.49084263178096, -0.7081833403033456 47.49295384441093, -0.7126272270691557 47.49487672641174, -0.7129926992937642 47.49738119496057, -0.7271599335492764 47.49860595688125, -0.7329725817432373 47.498161671667596, -0.7360368694442115 47.496773047257896))",2022,1323306.98,2126.0,0.005292906412388152
182,210803268,08362,2023.0,0.8034129967908291,80.3%,40205.88,24748.43,24879.76,31873.980000000003,30625.26,48084.56,27352.37,7414.96,Rethel,08,"MULTIPOLYGON (((4.354175593747798 49.50669368179028, 4.348991259996456 49.50996906270951, 4.3448494277115 49.511302102582675, 4.342748186255148 49.51081057742704, 4.340157332015209 49.51823962783609, 4.342779546665508 49.51962634229175, 4.347463174716605 49.523757195633436, 4.346981133138445 49.52434170551097, 4.34849980084586 49.52535443943943, 4.356295628149745 49.52674757924524, 4.360525258766517 49.52869507690658, 4.368333693543402 49.53800237934273, 4.378970066344918 49.53762454987963, 4.386036393581981 49.534004758405715, 4.390575083032482 49.53260145521272, 4.394668560265895 49.52946562421447, 4.402225780772767 49.52204245303169, 4.406189237080268 49.5214817508425, 4.409891354730198 49.52227534147742, 4.4170401750541615 49.52540960766115, 4.416695736386194 49.52374049056519, 4.419547497386098 49.518945110319514, 4.417159681415068 49.50809748759796, 4.419238400412466 49.50414764481379, 4.424005830344898 49.50035925210496, 4.42336315477941 49.498693609866045, 4.415949613574036 49.49665676597987, 4.408817192209401 49.49397266784975, 4.40417174657557 49.491323718146326, 4.401330067683954 49.49283674015607, 4.390999530421137 49.493148794396454, 4.384794477076353 49.49161100950561, 4.384975280655185 49.494633551242906, 4.371906226389976 49.50038087013086, 4.36075261707986 49.50346678865256, 4.354175593747798 49.50669368179028)), ((4.355357690219993 49.50249758554156, 4.351866787443384 49.50208609693885, 4.351924295786632 49.50427342943455, 4.35541534751287 49.50468491538262, 4.355357690219993 49.50249758554156)))",2022,5556569.98,7764.0,0.004922527764151365
183,210501334,05133,2023.0,0.8012290070228432,80.1%,25305.78,11218.53,20024.44,14460.87,34252.7,24770.9,27974.12,5242.09,Saint-Chaffrey,05,"POLYGON ((6.647305529939777 44.92982752401996, 6.629833910843036 44.92962550972334, 6.622718649089871 44.92701862673037, 6.619429430679301 44.91854386209413, 6.617667430418564 44.916730015338935, 6.61538763187585 44.91680425766647, 6.6138002455366856 44.91911433256164, 6.608950257544369 44.92185307537508, 6.606114827603318 44.92039655589134, 6.600689472921023 44.91418455937026, 6.595827557423793 44.91389041855156, 6.585015574955993 44.90914252842752, 6.581291591443905 44.90519764992281, 6.571122863449806 44.90333134615585, 6.562348623319398 44.904710112543064, 6.551905379249848 44.90859346602683, 6.549847452875755 44.9107240240617, 6.550077250882625 44.91291047622524, 6.56039830683668 44.917161247097546, 6.565344093155149 44.92164832175105, 6.570360391736609 44.927229858182685, 6.575419618433435 44.93203553017658, 6.582544990579206 44.936258196523156, 6.585520672920359 44.93990466474331, 6.586659637124413 44.94341679934984, 6.585402825841462 44.95378144342368, 6.600813548697179 44.971608643443474, 6.610273482504868 44.963687648780486, 6.621179555344198 44.96120346480291, 6.623937923279073 44.96001659589654, 6.630473755286368 44.95502826260648, 6.633988354956959 44.94858970494751, 6.637305102180327 44.9461581956657, 6.6464460935604235 44.94050278302089, 6.6478125708145654 44.93761870798669, 6.647305529939777 44.92982752401996))",2022,4821551.83,1576.0,0.005801891379854772
